objectid,pid,parent_object,display_template,sequence,filename,object_location,image_alt_text,image_small,image_thumb,title,ark,avian_id,uid,archival_call_number,archival_collection,finding_aid_ark,archival_series_title,folder_title,box,folder_num,contributing_institution,contributing_institution_uri,creator,creator_uri,interviewee,interviewee_uri,interviewer,interviewer_uri,contributor,contributor_uri,description,disclaimer,language,chronological_subject,name_subject,name_subject_uri,subject,subject_uri,location,location_uri,latitude,longitude,geodetic_datum,extent,medium,medium_uri,genre,genre_uri,type,format,rights,rightsstatement,date,date_digital,publisher,publisher_uri,issuance,issuance_start,issuance_end,frequency,relation,relation_uri,digital_origin
,fairfieldbirdclub_93,,compound_object,0,,,,/objects/small/ms0386b001f010i0021_sm.jpg,/objects/thumbs/ms0386b001f010i0021.jpg_th.jpg,Summary of bird banding,https://n2t.net/ark:/87292/w9cr5nh56,10379,,MS 386,Fairfield (Iowa) Bird Club Records,https://n2t.net/ark:/87292/w9px8v,,,1,10,Iowa State University. Special Collections and University Archives,http://id.loc.gov/authorities/names/no2021021777,"Bartlett, Wesley H.",,,,,,,,"A report written by Wesley H. Bartlett describing the history of bird banding, including a brief overview and timeline of the practice of banding started by Audubon in 1803. Also covered are the qualifications a person must meet to be a small bird banding station operator, details on the reporting of bird banding activities, descriptions of the birds banded and later captured (return, repeat, or foreign return), and the type of baits and traps to use in order to maintain safety for the birds. Also includes details on the count and species of birds banded at Parsons College.",,eng,,"Audubon, John James, 1785-1851;United States. Bureau of Biological Survey;Fairfield Bird Club;American Bird Banding Association",http://id.loc.gov/authorities/names/n79018677;http://id.loc.gov/authorities/names/n79006436;http://id.loc.gov/authorities/names/no2021119431;,Bird banding;Bird watching;Birds--Migration;Ornithology--Methodology;Owls;Chimney Swift (Chaetura pelagica);White-throated Sparrow (Zonotrichia albicollis);Dark-eyed Junco (Junco hyemalis);Northern Bobwhite (Colinus virginianus),http://id.worldcat.org/fast/832908;http://id.worldcat.org/fast/832948;http://id.worldcat.org/fast/833033;http://id.worldcat.org/fast/1048361;http://id.worldcat.org/fast/1049507;https://www.gbif.org/species/4409023;https://www.gbif.org/species/5231140;https://www.gbif.org/species/9362842;https://www.gbif.org/species/9791464,Iowa;Parsons College,https://www.geonames.org/4862182;https://www.geonames.org/4870778,42.00027;41.01669,-93.50049;-91.96684,WGS 84,11 pages,,,reports,http://vocab.getty.edu/aat/300027267,Text,image/tiff,"This item is protected by copyright and related rights. However, the rights-holder is unidentified or unlocatable. If you have information that can contribute to identifying or locating the rights-holder, please notify the Iowa State University Library, Digital Scholarship and Initiatives.",http://rightsstatements.org/vocab/InC-RUU/1.0/,1937-04-01/1937-04-30,2018-11-12,Iowa State University. Library,http://id.loc.gov/authorities/names/n82160893,,,,,Fairfield Bird Club,https://n2t.net/ark:/87292/w9r785p8g,reformatted digital; Digitized with Epson - sheet feed/flatbed
fairfieldbirdclub_002,fairfieldbirdclub_82,fairfieldbirdclub_93,image,1,ms0386b001f010i0021.jpg,/objects/ms0386b001f010i0021.jpg,,/objects/small/ms0386b001f010i0021_sm.jpg,/objects/thumbs/ms0386b001f010i0021.jpg_th.jpg,Page 1,,,,MS 386,Fairfield (Iowa) Bird Club Records,https://n2t.net/ark:/87292/w9px8v,,,1,10,Iowa State University. Special Collections and University Archives,http://id.loc.gov/authorities/names/no2021021777,,,,,,,,,,,,,,,,,,,,,,,,,,,,,"This item is protected by copyright and related rights. However, the rights-holder is unidentified or unlocatable. If you have information that can contribute to identifying or locating the rights-holder, please notify the Iowa State University Library, Digital Scholarship and Initiatives.",http://rightsstatements.org/vocab/InC-RUU/1.0/,,,Iowa State University. Library,http://id.loc.gov/authorities/names/n82160893,,,,,Fairfield Bird Club,https://n2t.net/ark:/87292/w9r785p8g,
fairfieldbirdclub_003,fairfieldbirdclub_83,fairfieldbirdclub_93,image,2,ms0386b001f010i0022.jpg,/objects/ms0386b001f010i0022.jpg,,/objects/small/ms0386b001f010i0022_sm.jpg,/objects/thumbs/ms0386b001f010i0022.jpg_th.jpg,Page 2,,,,MS 386,Fairfield (Iowa) Bird Club Records,https://n2t.net/ark:/87292/w9px8v,,,1,10,Iowa State University. Special Collections and University Archives,http://id.loc.gov/authorities/names/no2021021777,,,,,,,,,,,,,,,,,,,,,,,,,,,,,"This item is protected by copyright and related rights. However, the rights-holder is unidentified or unlocatable. If you have information that can contribute to identifying or locating the rights-holder, please notify the Iowa State University Library, Digital Scholarship and Initiatives.",http://rightsstatements.org/vocab/InC-RUU/1.0/,,,Iowa State University. Library,http://id.loc.gov/authorities/names/n82160893,,,,,Fairfield Bird Club,https://n2t.net/ark:/87292/w9r785p8g,
fairfieldbirdclub_004,fairfieldbirdclub_84,fairfieldbirdclub_93,image,3,ms0386b001f010i0023.jpg,/objects/ms0386b001f010i0023.jpg,,/objects/small/ms0386b001f010i0023_sm.jpg,/objects/thumbs/ms0386b001f010i0023.jpg_th.jpg,Page 3,,,,MS 386,Fairfield (Iowa) Bird Club Records,https://n2t.net/ark:/87292/w9px8v,,,1,10,Iowa State University. Special Collections and University Archives,http://id.loc.gov/authorities/names/no2021021777,,,,,,,,,,,,,,,,,,,,,,,,,,,,,"This item is protected by copyright and related rights. However, the rights-holder is unidentified or unlocatable. If you have information that can contribute to identifying or locating the rights-holder, please notify the Iowa State University Library, Digital Scholarship and Initiatives.",http://rightsstatements.org/vocab/InC-RUU/1.0/,,,Iowa State University. Library,http://id.loc.gov/authorities/names/n82160893,,,,,Fairfield Bird Club,https://n2t.net/ark:/87292/w9r785p8g,
fairfieldbirdclub_005,fairfieldbirdclub_85,fairfieldbirdclub_93,image,4,ms0386b001f010i0024.jpg,/objects/ms0386b001f010i0024.jpg,,/objects/small/ms0386b001f010i0024_sm.jpg,/objects/thumbs/ms0386b001f010i0024.jpg_th.jpg,Page 4,,,,MS 386,Fairfield (Iowa) Bird Club Records,https://n2t.net/ark:/87292/w9px8v,,,1,10,Iowa State University. Special Collections and University Archives,http://id.loc.gov/authorities/names/no2021021777,,,,,,,,,,,,,,,,,,,,,,,,,,,,,"This item is protected by copyright and related rights. However, the rights-holder is unidentified or unlocatable. If you have information that can contribute to identifying or locating the rights-holder, please notify the Iowa State University Library, Digital Scholarship and Initiatives.",http://rightsstatements.org/vocab/InC-RUU/1.0/,,,Iowa State University. Library,http://id.loc.gov/authorities/names/n82160893,,,,,Fairfield Bird Club,https://n2t.net/ark:/87292/w9r785p8g,
fairfieldbirdclub_006,fairfieldbirdclub_86,fairfieldbirdclub_93,image,5,ms0386b001f010i0025.jpg,/objects/ms0386b001f010i0025.jpg,,/objects/small/ms0386b001f010i0025_sm.jpg,/objects/thumbs/ms0386b001f010i0025.jpg_th.jpg,Page 5,,,,MS 386,Fairfield (Iowa) Bird Club Records,https://n2t.net/ark:/87292/w9px8v,,,1,10,Iowa State University. Special Collections and University Archives,http://id.loc.gov/authorities/names/no2021021777,,,,,,,,,,,,,,,,,,,,,,,,,,,,,"This item is protected by copyright and related rights. However, the rights-holder is unidentified or unlocatable. If you have information that can contribute to identifying or locating the rights-holder, please notify the Iowa State University Library, Digital Scholarship and Initiatives.",http://rightsstatements.org/vocab/InC-RUU/1.0/,,,Iowa State University. Library,http://id.loc.gov/authorities/names/n82160893,,,,,Fairfield Bird Club,https://n2t.net/ark:/87292/w9r785p8g,
fairfieldbirdclub_007,fairfieldbirdclub_87,fairfieldbirdclub_93,image,6,ms0386b001f010i0026.jpg,/objects/ms0386b001f010i0026.jpg,,/objects/small/ms0386b001f010i0026_sm.jpg,/objects/thumbs/ms0386b001f010i0026.jpg_th.jpg,Page 6,,,,MS 386,Fairfield (Iowa) Bird Club Records,https://n2t.net/ark:/87292/w9px8v,,,1,10,Iowa State University. Special Collections and University Archives,http://id.loc.gov/authorities/names/no2021021777,,,,,,,,,,,,,,,,,,,,,,,,,,,,,"This item is protected by copyright and related rights. However, the rights-holder is unidentified or unlocatable. If you have information that can contribute to identifying or locating the rights-holder, please notify the Iowa State University Library, Digital Scholarship and Initiatives.",http://rightsstatements.org/vocab/InC-RUU/1.0/,,,Iowa State University. Library,http://id.loc.gov/authorities/names/n82160893,,,,,Fairfield Bird Club,https://n2t.net/ark:/87292/w9r785p8g,
fairfieldbirdclub_008,fairfieldbirdclub_88,fairfieldbirdclub_93,image,7,ms0386b001f010i0027.jpg,/objects/ms0386b001f010i0027.jpg,,/objects/small/ms0386b001f010i0027_sm.jpg,/objects/thumbs/ms0386b001f010i0027.jpg_th.jpg,Page 7,,,,MS 386,Fairfield (Iowa) Bird Club Records,https://n2t.net/ark:/87292/w9px8v,,,1,10,Iowa State University. Special Collections and University Archives,http://id.loc.gov/authorities/names/no2021021777,,,,,,,,,,,,,,,,,,,,,,,,,,,,,"This item is protected by copyright and related rights. However, the rights-holder is unidentified or unlocatable. If you have information that can contribute to identifying or locating the rights-holder, please notify the Iowa State University Library, Digital Scholarship and Initiatives.",http://rightsstatements.org/vocab/InC-RUU/1.0/,,,Iowa State University. Library,http://id.loc.gov/authorities/names/n82160893,,,,,Fairfield Bird Club,https://n2t.net/ark:/87292/w9r785p8g,
fairfieldbirdclub_009,fairfieldbirdclub_89,fairfieldbirdclub_93,image,8,ms0386b001f010i0028.jpg,/objects/ms0386b001f010i0028.jpg,,/objects/small/ms0386b001f010i0028_sm.jpg,/objects/thumbs/ms0386b001f010i0028.jpg_th.jpg,Page 8,,,,MS 386,Fairfield (Iowa) Bird Club Records,https://n2t.net/ark:/87292/w9px8v,,,1,10,Iowa State University. Special Collections and University Archives,http://id.loc.gov/authorities/names/no2021021777,,,,,,,,,,,,,,,,,,,,,,,,,,,,,"This item is protected by copyright and related rights. However, the rights-holder is unidentified or unlocatable. If you have information that can contribute to identifying or locating the rights-holder, please notify the Iowa State University Library, Digital Scholarship and Initiatives.",http://rightsstatements.org/vocab/InC-RUU/1.0/,,,Iowa State University. Library,http://id.loc.gov/authorities/names/n82160893,,,,,Fairfield Bird Club,https://n2t.net/ark:/87292/w9r785p8g,
fairfieldbirdclub_010,fairfieldbirdclub_90,fairfieldbirdclub_93,image,9,ms0386b001f010i0029.jpg,/objects/ms0386b001f010i0029.jpg,,/objects/small/ms0386b001f010i0029_sm.jpg,/objects/thumbs/ms0386b001f010i0029.jpg_th.jpg,Page 9,,,,MS 386,Fairfield (Iowa) Bird Club Records,https://n2t.net/ark:/87292/w9px8v,,,1,10,Iowa State University. Special Collections and University Archives,http://id.loc.gov/authorities/names/no2021021777,,,,,,,,,,,,,,,,,,,,,,,,,,,,,"This item is protected by copyright and related rights. However, the rights-holder is unidentified or unlocatable. If you have information that can contribute to identifying or locating the rights-holder, please notify the Iowa State University Library, Digital Scholarship and Initiatives.",http://rightsstatements.org/vocab/InC-RUU/1.0/,,,Iowa State University. Library,http://id.loc.gov/authorities/names/n82160893,,,,,Fairfield Bird Club,https://n2t.net/ark:/87292/w9r785p8g,
fairfieldbirdclub_011,fairfieldbirdclub_91,fairfieldbirdclub_93,image,10,ms0386b001f010i0030.jpg,/objects/ms0386b001f010i0030.jpg,,/objects/small/ms0386b001f010i0030_sm.jpg,/objects/thumbs/ms0386b001f010i0030.jpg_th.jpg,Page 10,,,,MS 386,Fairfield (Iowa) Bird Club Records,https://n2t.net/ark:/87292/w9px8v,,,1,10,Iowa State University. Special Collections and University Archives,http://id.loc.gov/authorities/names/no2021021777,,,,,,,,,,,,,,,,,,,,,,,,,,,,,"This item is protected by copyright and related rights. However, the rights-holder is unidentified or unlocatable. If you have information that can contribute to identifying or locating the rights-holder, please notify the Iowa State University Library, Digital Scholarship and Initiatives.",http://rightsstatements.org/vocab/InC-RUU/1.0/,,,Iowa State University. Library,http://id.loc.gov/authorities/names/n82160893,,,,,Fairfield Bird Club,https://n2t.net/ark:/87292/w9r785p8g,
fairfieldbirdclub_012,fairfieldbirdclub_92,fairfieldbirdclub_93,image,11,ms0386b001f010i0031.jpg,/objects/ms0386b001f010i0031.jpg,,/objects/small/ms0386b001f010i0031_sm.jpg,/objects/thumbs/ms0386b001f010i0031.jpg_th.jpg,Page 11,,,,MS 386,Fairfield (Iowa) Bird Club Records,https://n2t.net/ark:/87292/w9px8v,,,1,10,Iowa State University. Special Collections and University Archives,http://id.loc.gov/authorities/names/no2021021777,,,,,,,,,,,,,,,,,,,,,,,,,,,,,"This item is protected by copyright and related rights. However, the rights-holder is unidentified or unlocatable. If you have information that can contribute to identifying or locating the rights-holder, please notify the Iowa State University Library, Digital Scholarship and Initiatives.",http://rightsstatements.org/vocab/InC-RUU/1.0/,,,Iowa State University. Library,http://id.loc.gov/authorities/names/n82160893,,,,,Fairfield Bird Club,https://n2t.net/ark:/87292/w9r785p8g,
,fairfieldbirdclub_104,,compound_object,0,,,,/objects/small/ms0386b001f009i0001_sm.jpg,/objects/thumbs/ms0386b001f009i0001.jpg_th.jpg,Winter birds,https://n2t.net/ark:/87292/w9804xq0w,10373,,MS 386,Fairfield (Iowa) Bird Club Records,https://n2t.net/ark:/87292/w9px8v,,,1,9,Iowa State University. Special Collections and University Archives,http://id.loc.gov/authorities/names/no2021021777,"Lowell, Margaret Herdliska",,,,,,,,"A speech written by Margaret Herdliska for a presentation given to the Fairfield Bird Club on November 20, 1952. Included in the speech are reasons why winter is the best time to begin a study of birds as well as details of several species of permanent resident birds in Iowa, winter resident birds, and migrant birds that can be found in the state.",,eng,,"Musgrove, Jack W.;Fairfield Bird Club",http://id.loc.gov/authorities/names/no2006021221;http://id.loc.gov/authorities/names/no2021119431,Bird watching;Birds--Behavior;Birds--Food;Birds--Habitat;Birds--Identification;Accipitridae ;Hawks;Eagles;Nuthatches;Piciformes ;Woodpeckers;Odontophoridae ;Quails;Ruffed Grouse (Bonasa umbellus);Blue Jay (Cyanocitta cristata);Cedar Waxwing (Bombycilla cedrorum);Northern Cardinal (Cardinalis cardinalis);House Sparrow (Passer domesticus);Greater Prairie-Chicken (Tympanuchus cupido);American Tree Sparrow (Spizelloides arborea);Tufted Titmouse (Baeolophus bicolor);Black-capped Chickadee (Poecile atricapillus);Wild Turkey (Meleagris gallopavo);Dark-eyed Junco (Junco hyemalis);Horned Lark (Eremophila alpestris);American Goldfinch (Spinus tristis);Brown Creeper (Certhia americana);Common Pheasant (Phasianus colchicus);Common Starling (Sturnus vulgaris),http://id.worldcat.org/fast/832948;http://id.worldcat.org/fast/832976;http://id.worldcat.org/fast/833019;http://id.worldcat.org/fast/833023;http://id.worldcat.org/fast/833029;http://id.worldcat.org/fast/795294;http://id.worldcat.org/fast/952093;http://id.worldcat.org/fast/900506;http://id.worldcat.org/fast/1042173;http://id.worldcat.org/fast/1063662;http://id.worldcat.org/fast/1179792;http://id.worldcat.org/fast/1043905;http://id.worldcat.org/fast/1084890;https://www.gbif.org/species/2473702;https://www.gbif.org/species/2482593;https://www.gbif.org/species/2484609;https://www.gbif.org/species/2490384;https://www.gbif.org/species/5231190;https://www.gbif.org/species/2473510;https://www.gbif.org/species/7357320;https://www.gbif.org/species/2487887;https://www.gbif.org/species/2487805;https://www.gbif.org/species/9606290;https://www.gbif.org/species/9362842;https://www.gbif.org/species/9415596;https://www.gbif.org/species/5231640;https://www.gbif.org/species/9581157;https://www.gbif.org/species/9752149;https://www.gbif.org/species/9809229,Fairfield,https://www.geonames.org/4855967,41.00863,-91.96267,WGS 84,10 pages,,,speeches (documents),http://vocab.getty.edu/aat/300026671,Text,image/tiff,"This item is protected by copyright and related rights. However, the rights-holder is unidentified or unlocatable. If you have information that can contribute to identifying or locating the rights-holder, please notify the Iowa State University Library, Digital Scholarship and Initiatives.",http://rightsstatements.org/vocab/InC-RUU/1.0/,1952-11-20,2018-11-12,Iowa State University. Library,http://id.loc.gov/authorities/names/n82160893,,,,,Fairfield Bird Club,https://n2t.net/ark:/87292/w9r785p8g,reformatted digital; Digitized with Epson - sheet feed/flatbed
fairfieldbirdclub_014,fairfieldbirdclub_94,fairfieldbirdclub_104,image,1,ms0386b001f009i0001.jpg,/objects/ms0386b001f009i0001.jpg,,/objects/small/ms0386b001f009i0001_sm.jpg,/objects/thumbs/ms0386b001f009i0001.jpg_th.jpg,Page 1,,,,MS 386,Fairfield (Iowa) Bird Club Records,https://n2t.net/ark:/87292/w9px8v,,,1,9,Iowa State University. Special Collections and University Archives,http://id.loc.gov/authorities/names/no2021021777,,,,,,,,,,,,,,,,,,,,,,,,,,,,,"This item is protected by copyright and related rights. However, the rights-holder is unidentified or unlocatable. If you have information that can contribute to identifying or locating the rights-holder, please notify the Iowa State University Library, Digital Scholarship and Initiatives.",http://rightsstatements.org/vocab/InC-RUU/1.0/,,,Iowa State University. Library,http://id.loc.gov/authorities/names/n82160893,,,,,Fairfield Bird Club,https://n2t.net/ark:/87292/w9r785p8g,
fairfieldbirdclub_015,fairfieldbirdclub_95,fairfieldbirdclub_104,image,2,ms0386b001f009i0002.jpg,/objects/ms0386b001f009i0002.jpg,,/objects/small/ms0386b001f009i0002_sm.jpg,/objects/thumbs/ms0386b001f009i0002.jpg_th.jpg,Page 2,,,,MS 386,Fairfield (Iowa) Bird Club Records,https://n2t.net/ark:/87292/w9px8v,,,1,9,Iowa State University. Special Collections and University Archives,http://id.loc.gov/authorities/names/no2021021777,,,,,,,,,,,,,,,,,,,,,,,,,,,,,"This item is protected by copyright and related rights. However, the rights-holder is unidentified or unlocatable. If you have information that can contribute to identifying or locating the rights-holder, please notify the Iowa State University Library, Digital Scholarship and Initiatives.",http://rightsstatements.org/vocab/InC-RUU/1.0/,,,Iowa State University. Library,http://id.loc.gov/authorities/names/n82160893,,,,,Fairfield Bird Club,https://n2t.net/ark:/87292/w9r785p8g,
fairfieldbirdclub_016,fairfieldbirdclub_96,fairfieldbirdclub_104,image,3,ms0386b001f009i0003.jpg,/objects/ms0386b001f009i0003.jpg,,/objects/small/ms0386b001f009i0003_sm.jpg,/objects/thumbs/ms0386b001f009i0003.jpg_th.jpg,Page 3,,,,MS 386,Fairfield (Iowa) Bird Club Records,https://n2t.net/ark:/87292/w9px8v,,,1,9,Iowa State University. Special Collections and University Archives,http://id.loc.gov/authorities/names/no2021021777,,,,,,,,,,,,,,,,,,,,,,,,,,,,,"This item is protected by copyright and related rights. However, the rights-holder is unidentified or unlocatable. If you have information that can contribute to identifying or locating the rights-holder, please notify the Iowa State University Library, Digital Scholarship and Initiatives.",http://rightsstatements.org/vocab/InC-RUU/1.0/,,,Iowa State University. Library,http://id.loc.gov/authorities/names/n82160893,,,,,Fairfield Bird Club,https://n2t.net/ark:/87292/w9r785p8g,
fairfieldbirdclub_017,fairfieldbirdclub_97,fairfieldbirdclub_104,image,4,ms0386b001f009i0004.jpg,/objects/ms0386b001f009i0004.jpg,,/objects/small/ms0386b001f009i0004_sm.jpg,/objects/thumbs/ms0386b001f009i0004.jpg_th.jpg,Page 4,,,,MS 386,Fairfield (Iowa) Bird Club Records,https://n2t.net/ark:/87292/w9px8v,,,1,9,Iowa State University. Special Collections and University Archives,http://id.loc.gov/authorities/names/no2021021777,,,,,,,,,,,,,,,,,,,,,,,,,,,,,"This item is protected by copyright and related rights. However, the rights-holder is unidentified or unlocatable. If you have information that can contribute to identifying or locating the rights-holder, please notify the Iowa State University Library, Digital Scholarship and Initiatives.",http://rightsstatements.org/vocab/InC-RUU/1.0/,,,Iowa State University. Library,http://id.loc.gov/authorities/names/n82160893,,,,,Fairfield Bird Club,https://n2t.net/ark:/87292/w9r785p8g,
fairfieldbirdclub_018,fairfieldbirdclub_98,fairfieldbirdclub_104,image,5,ms0386b001f009i0005.jpg,/objects/ms0386b001f009i0005.jpg,,/objects/small/ms0386b001f009i0005_sm.jpg,/objects/thumbs/ms0386b001f009i0005.jpg_th.jpg,Page 5,,,,MS 386,Fairfield (Iowa) Bird Club Records,https://n2t.net/ark:/87292/w9px8v,,,1,9,Iowa State University. Special Collections and University Archives,http://id.loc.gov/authorities/names/no2021021777,,,,,,,,,,,,,,,,,,,,,,,,,,,,,"This item is protected by copyright and related rights. However, the rights-holder is unidentified or unlocatable. If you have information that can contribute to identifying or locating the rights-holder, please notify the Iowa State University Library, Digital Scholarship and Initiatives.",http://rightsstatements.org/vocab/InC-RUU/1.0/,,,Iowa State University. Library,http://id.loc.gov/authorities/names/n82160893,,,,,Fairfield Bird Club,https://n2t.net/ark:/87292/w9r785p8g,
fairfieldbirdclub_019,fairfieldbirdclub_99,fairfieldbirdclub_104,image,6,ms0386b001f009i0006.jpg,/objects/ms0386b001f009i0006.jpg,,/objects/small/ms0386b001f009i0006_sm.jpg,/objects/thumbs/ms0386b001f009i0006.jpg_th.jpg,Page 6,,,,MS 386,Fairfield (Iowa) Bird Club Records,https://n2t.net/ark:/87292/w9px8v,,,1,9,Iowa State University. Special Collections and University Archives,http://id.loc.gov/authorities/names/no2021021777,,,,,,,,,,,,,,,,,,,,,,,,,,,,,"This item is protected by copyright and related rights. However, the rights-holder is unidentified or unlocatable. If you have information that can contribute to identifying or locating the rights-holder, please notify the Iowa State University Library, Digital Scholarship and Initiatives.",http://rightsstatements.org/vocab/InC-RUU/1.0/,,,Iowa State University. Library,http://id.loc.gov/authorities/names/n82160893,,,,,Fairfield Bird Club,https://n2t.net/ark:/87292/w9r785p8g,
fairfieldbirdclub_020,fairfieldbirdclub_100,fairfieldbirdclub_104,image,7,ms0386b001f009i0007.jpg,/objects/ms0386b001f009i0007.jpg,,/objects/small/ms0386b001f009i0007_sm.jpg,/objects/thumbs/ms0386b001f009i0007.jpg_th.jpg,Page 7,,,,MS 386,Fairfield (Iowa) Bird Club Records,https://n2t.net/ark:/87292/w9px8v,,,1,9,Iowa State University. Special Collections and University Archives,http://id.loc.gov/authorities/names/no2021021777,,,,,,,,,,,,,,,,,,,,,,,,,,,,,"This item is protected by copyright and related rights. However, the rights-holder is unidentified or unlocatable. If you have information that can contribute to identifying or locating the rights-holder, please notify the Iowa State University Library, Digital Scholarship and Initiatives.",http://rightsstatements.org/vocab/InC-RUU/1.0/,,,Iowa State University. Library,http://id.loc.gov/authorities/names/n82160893,,,,,Fairfield Bird Club,https://n2t.net/ark:/87292/w9r785p8g,
fairfieldbirdclub_021,fairfieldbirdclub_101,fairfieldbirdclub_104,image,8,ms0386b001f009i0008.jpg,/objects/ms0386b001f009i0008.jpg,,/objects/small/ms0386b001f009i0008_sm.jpg,/objects/thumbs/ms0386b001f009i0008.jpg_th.jpg,Page 8,,,,MS 386,Fairfield (Iowa) Bird Club Records,https://n2t.net/ark:/87292/w9px8v,,,1,9,Iowa State University. Special Collections and University Archives,http://id.loc.gov/authorities/names/no2021021777,,,,,,,,,,,,,,,,,,,,,,,,,,,,,"This item is protected by copyright and related rights. However, the rights-holder is unidentified or unlocatable. If you have information that can contribute to identifying or locating the rights-holder, please notify the Iowa State University Library, Digital Scholarship and Initiatives.",http://rightsstatements.org/vocab/InC-RUU/1.0/,,,Iowa State University. Library,http://id.loc.gov/authorities/names/n82160893,,,,,Fairfield Bird Club,https://n2t.net/ark:/87292/w9r785p8g,
fairfieldbirdclub_022,fairfieldbirdclub_102,fairfieldbirdclub_104,image,9,ms0386b001f009i0009.jpg,/objects/ms0386b001f009i0009.jpg,,/objects/small/ms0386b001f009i0009_sm.jpg,/objects/thumbs/ms0386b001f009i0009.jpg_th.jpg,Page 9,,,,MS 386,Fairfield (Iowa) Bird Club Records,https://n2t.net/ark:/87292/w9px8v,,,1,9,Iowa State University. Special Collections and University Archives,http://id.loc.gov/authorities/names/no2021021777,,,,,,,,,,,,,,,,,,,,,,,,,,,,,"This item is protected by copyright and related rights. However, the rights-holder is unidentified or unlocatable. If you have information that can contribute to identifying or locating the rights-holder, please notify the Iowa State University Library, Digital Scholarship and Initiatives.",http://rightsstatements.org/vocab/InC-RUU/1.0/,,,Iowa State University. Library,http://id.loc.gov/authorities/names/n82160893,,,,,Fairfield Bird Club,https://n2t.net/ark:/87292/w9r785p8g,
fairfieldbirdclub_023,fairfieldbirdclub_103,fairfieldbirdclub_104,image,10,ms0386b001f009i0010.jpg,/objects/ms0386b001f009i0010.jpg,,/objects/small/ms0386b001f009i0010_sm.jpg,/objects/thumbs/ms0386b001f009i0010.jpg_th.jpg,Page 10,,,,MS 386,Fairfield (Iowa) Bird Club Records,https://n2t.net/ark:/87292/w9px8v,,,1,9,Iowa State University. Special Collections and University Archives,http://id.loc.gov/authorities/names/no2021021777,,,,,,,,,,,,,,,,,,,,,,,,,,,,,"This item is protected by copyright and related rights. However, the rights-holder is unidentified or unlocatable. If you have information that can contribute to identifying or locating the rights-holder, please notify the Iowa State University Library, Digital Scholarship and Initiatives.",http://rightsstatements.org/vocab/InC-RUU/1.0/,,,Iowa State University. Library,http://id.loc.gov/authorities/names/n82160893,,,,,Fairfield Bird Club,https://n2t.net/ark:/87292/w9r785p8g,
,fairfieldbirdclub_111,,compound_object,0,,,,/objects/small/ms0386b001f010i0012_sm.jpg,/objects/thumbs/ms0386b001f010i0012.jpg_th.jpg,The usefulness of science: XVI. the usefulness of birds,https://n2t.net/ark:/87292/w94746w51,10377,,MS 386,Fairfield (Iowa) Bird Club Records,https://n2t.net/ark:/87292/w9px8v,,,1,10,Iowa State University. Special Collections and University Archives,http://id.loc.gov/authorities/names/no2021021777,"Hendrickson, George O.",,,,,,,,"A radio script written by George O. Hendrickson for the Junior Academy of Science Radio Program and presented on WOI and WSUI explaining the usefulness of birds. Hendrickson describes how birds are very helpful in controlling destructive insects and harmful weeds. Also included are details on how certain birds are beneficial in acting as scavengers to destroy garbage and dead animal carcasses as well as assisting in the elimination of rodent pests. Hendrickson also mentions other values of birds are the use of birds as game and for food. Additionally, one more benefit of birds is the act of bird watching and the enjoyable study and observation of a variety of species in the state.",,eng,,"Iowa State College;Iowa Academy of Science;WOI (Radio station : Ames, Iowa);WSUI (Radio station : Iowa City, Iowa)",http://id.loc.gov/authorities/names/n82049648;http://id.loc.gov/authorities/names/n82131863;http://id.loc.gov/authorities/names/n88027187;http://id.loc.gov/authorities/names/n2003085021,Beneficial birds;Bird watching;Birds--Behavior;Game and game-birds;Accipitridae ;Hawks;Eagles;Ornithology;Shrikes;Predation (Biology) ;Owls;Emberizidae ;Sparrows;Upland game bird management;Insect pests--Control;Turkey Vulture (Cathartes aura);American Tree Sparrow (Spizelloides arborea);Downy Woodpecker (Dendrocopos pubescens);Northern Bobwhite (Colinus virginianus),http://id.worldcat.org/fast/830331;http://id.worldcat.org/fast/832948;http://id.worldcat.org/fast/832976;http://id.worldcat.org/fast/937451;http://id.worldcat.org/fast/795294;http://id.worldcat.org/fast/952093;http://id.worldcat.org/fast/900506;http://id.worldcat.org/fast/1048358;http://id.worldcat.org/fast/1117781;http://id.worldcat.org/fast/1074989;http://id.worldcat.org/fast/1049507;http://id.worldcat.org/fast/908323;http://id.worldcat.org/fast/1128737;http://id.worldcat.org/fast/1162100;http://id.worldcat.org/fast/973994;https://www.gbif.org/species/2481930;https://www.gbif.org/species/7357320;https://www.gbif.org/species/2477787;https://www.gbif.org/species/9791464,Iowa,https://www.geonames.org/4862182,42.00027,-93.50049,WGS 84,6 pages,,,radio scripts,http://vocab.getty.edu/aat/300026489,Text,image/tiff,"This item is protected by copyright and related rights. However, the rights-holder is unidentified or unlocatable. If you have information that can contribute to identifying or locating the rights-holder, please notify the Iowa State University Library, Digital Scholarship and Initiatives.",http://rightsstatements.org/vocab/InC-RUU/1.0/,1934-03-06,2018-11-12,Iowa State University. Library,http://id.loc.gov/authorities/names/n82160893,,,,,Fairfield Bird Club,https://n2t.net/ark:/87292/w9r785p8g,reformatted digital; Digitized with Epson - sheet feed/flatbed
fairfieldbirdclub_025,fairfieldbirdclub_105,fairfieldbirdclub_111,image,1,ms0386b001f010i0012.jpg,/objects/ms0386b001f010i0012.jpg,,/objects/small/ms0386b001f010i0012_sm.jpg,/objects/thumbs/ms0386b001f010i0012.jpg_th.jpg,Page 1,,,,MS 386,Fairfield (Iowa) Bird Club Records,https://n2t.net/ark:/87292/w9px8v,,,1,10,Iowa State University. Special Collections and University Archives,http://id.loc.gov/authorities/names/no2021021777,,,,,,,,,,,,,,,,,,,,,,,,,,,,,"This item is protected by copyright and related rights. However, the rights-holder is unidentified or unlocatable. If you have information that can contribute to identifying or locating the rights-holder, please notify the Iowa State University Library, Digital Scholarship and Initiatives.",http://rightsstatements.org/vocab/InC-RUU/1.0/,,,Iowa State University. Library,http://id.loc.gov/authorities/names/n82160893,,,,,Fairfield Bird Club,https://n2t.net/ark:/87292/w9r785p8g,
fairfieldbirdclub_026,fairfieldbirdclub_106,fairfieldbirdclub_111,image,2,ms0386b001f010i0013.jpg,/objects/ms0386b001f010i0013.jpg,,/objects/small/ms0386b001f010i0013_sm.jpg,/objects/thumbs/ms0386b001f010i0013.jpg_th.jpg,Page 2,,,,MS 386,Fairfield (Iowa) Bird Club Records,https://n2t.net/ark:/87292/w9px8v,,,1,10,Iowa State University. Special Collections and University Archives,http://id.loc.gov/authorities/names/no2021021777,,,,,,,,,,,,,,,,,,,,,,,,,,,,,"This item is protected by copyright and related rights. However, the rights-holder is unidentified or unlocatable. If you have information that can contribute to identifying or locating the rights-holder, please notify the Iowa State University Library, Digital Scholarship and Initiatives.",http://rightsstatements.org/vocab/InC-RUU/1.0/,,,Iowa State University. Library,http://id.loc.gov/authorities/names/n82160893,,,,,Fairfield Bird Club,https://n2t.net/ark:/87292/w9r785p8g,
fairfieldbirdclub_027,fairfieldbirdclub_107,fairfieldbirdclub_111,image,3,ms0386b001f010i0014.jpg,/objects/ms0386b001f010i0014.jpg,,/objects/small/ms0386b001f010i0014_sm.jpg,/objects/thumbs/ms0386b001f010i0014.jpg_th.jpg,Page 3,,,,MS 386,Fairfield (Iowa) Bird Club Records,https://n2t.net/ark:/87292/w9px8v,,,1,10,Iowa State University. Special Collections and University Archives,http://id.loc.gov/authorities/names/no2021021777,,,,,,,,,,,,,,,,,,,,,,,,,,,,,"This item is protected by copyright and related rights. However, the rights-holder is unidentified or unlocatable. If you have information that can contribute to identifying or locating the rights-holder, please notify the Iowa State University Library, Digital Scholarship and Initiatives.",http://rightsstatements.org/vocab/InC-RUU/1.0/,,,Iowa State University. Library,http://id.loc.gov/authorities/names/n82160893,,,,,Fairfield Bird Club,https://n2t.net/ark:/87292/w9r785p8g,
fairfieldbirdclub_028,fairfieldbirdclub_108,fairfieldbirdclub_111,image,4,ms0386b001f010i0015.jpg,/objects/ms0386b001f010i0015.jpg,,/objects/small/ms0386b001f010i0015_sm.jpg,/objects/thumbs/ms0386b001f010i0015.jpg_th.jpg,Page 4,,,,MS 386,Fairfield (Iowa) Bird Club Records,https://n2t.net/ark:/87292/w9px8v,,,1,10,Iowa State University. Special Collections and University Archives,http://id.loc.gov/authorities/names/no2021021777,,,,,,,,,,,,,,,,,,,,,,,,,,,,,"This item is protected by copyright and related rights. However, the rights-holder is unidentified or unlocatable. If you have information that can contribute to identifying or locating the rights-holder, please notify the Iowa State University Library, Digital Scholarship and Initiatives.",http://rightsstatements.org/vocab/InC-RUU/1.0/,,,Iowa State University. Library,http://id.loc.gov/authorities/names/n82160893,,,,,Fairfield Bird Club,https://n2t.net/ark:/87292/w9r785p8g,
fairfieldbirdclub_029,fairfieldbirdclub_109,fairfieldbirdclub_111,image,5,ms0386b001f010i0016.jpg,/objects/ms0386b001f010i0016.jpg,,/objects/small/ms0386b001f010i0016_sm.jpg,/objects/thumbs/ms0386b001f010i0016.jpg_th.jpg,Page 5,,,,MS 386,Fairfield (Iowa) Bird Club Records,https://n2t.net/ark:/87292/w9px8v,,,1,10,Iowa State University. Special Collections and University Archives,http://id.loc.gov/authorities/names/no2021021777,,,,,,,,,,,,,,,,,,,,,,,,,,,,,"This item is protected by copyright and related rights. However, the rights-holder is unidentified or unlocatable. If you have information that can contribute to identifying or locating the rights-holder, please notify the Iowa State University Library, Digital Scholarship and Initiatives.",http://rightsstatements.org/vocab/InC-RUU/1.0/,,,Iowa State University. Library,http://id.loc.gov/authorities/names/n82160893,,,,,Fairfield Bird Club,https://n2t.net/ark:/87292/w9r785p8g,
fairfieldbirdclub_030,fairfieldbirdclub_110,fairfieldbirdclub_111,image,6,ms0386b001f010i0017.jpg,/objects/ms0386b001f010i0017.jpg,,/objects/small/ms0386b001f010i0017_sm.jpg,/objects/thumbs/ms0386b001f010i0017.jpg_th.jpg,Page 6,,,,MS 386,Fairfield (Iowa) Bird Club Records,https://n2t.net/ark:/87292/w9px8v,,,1,10,Iowa State University. Special Collections and University Archives,http://id.loc.gov/authorities/names/no2021021777,,,,,,,,,,,,,,,,,,,,,,,,,,,,,"This item is protected by copyright and related rights. However, the rights-holder is unidentified or unlocatable. If you have information that can contribute to identifying or locating the rights-holder, please notify the Iowa State University Library, Digital Scholarship and Initiatives.",http://rightsstatements.org/vocab/InC-RUU/1.0/,,,Iowa State University. Library,http://id.loc.gov/authorities/names/n82160893,,,,,Fairfield Bird Club,https://n2t.net/ark:/87292/w9r785p8g,
,fairfieldbirdclub_114,,multiple,0,,,,/objects/small/ms0386b001f010i0001_sm.jpg,/objects/thumbs/ms0386b001f010i0001.jpg_th.jpg,The screech owl,https://n2t.net/ark:/87292/w90g3h32s,10374,,MS 386,Fairfield (Iowa) Bird Club Records,https://n2t.net/ark:/87292/w9px8v,,,1,10,Iowa State University. Special Collections and University Archives,http://id.loc.gov/authorities/names/no2021021777,,,,,,,,,"A paper describing several features of Screech Owls, including appearance, habitats, and food preferences.",,eng,,Fairfield Bird Club,http://id.loc.gov/authorities/names/no2021119431,Birds--Habitat;Birds--Identification;Owls--Behavior;Eastern Screech-Owl (Otus asio),http://id.worldcat.org/fast/833023;http://id.worldcat.org/fast/833029;http://id.worldcat.org/fast/1049508;https://www.gbif.org/species/5232199,Iowa,https://www.geonames.org/4862182,42.00027,-93.50049,WGS 84,2 pages,,,reports;essays,http://vocab.getty.edu/aat/300027267;http://vocab.getty.edu/aat/300026291,Text,image/tiff,"The Iowa State University Library has reviewed this item but was unable to make a conclusive determination as to the copyright and related rights status of the item. If you have information that can contribute to identifying or locating the rights-holder, please notify the Iowa State University Library Special Collections and University Archives.",http://rightsstatements.org/vocab/UND/1.0/,,2018-11-12,Iowa State University. Library,http://id.loc.gov/authorities/names/n82160893,,,,,Fairfield Bird Club,https://n2t.net/ark:/87292/w9r785p8g,reformatted digital; Digitized with Epson - sheet feed/flatbed
fairfieldbirdclub_032,fairfieldbirdclub_112,fairfieldbirdclub_114,image,1,ms0386b001f010i0001.jpg,/objects/ms0386b001f010i0001.jpg,,/objects/small/ms0386b001f010i0001_sm.jpg,/objects/thumbs/ms0386b001f010i0001.jpg_th.jpg,Page 1,,,,MS 386,Fairfield (Iowa) Bird Club Records,https://n2t.net/ark:/87292/w9px8v,,,1,10,Iowa State University. Special Collections and University Archives,http://id.loc.gov/authorities/names/no2021021777,,,,,,,,,,,,,,,,,,,,,,,,,,,,,"The Iowa State University Library has reviewed this item but was unable to make a conclusive determination as to the copyright and related rights status of the item. If you have information that can contribute to identifying or locating the rights-holder, please notify the Iowa State University Library Special Collections and University Archives.",http://rightsstatements.org/vocab/UND/1.0/,,,Iowa State University. Library,http://id.loc.gov/authorities/names/n82160893,,,,,Fairfield Bird Club,https://n2t.net/ark:/87292/w9r785p8g,
fairfieldbirdclub_033,fairfieldbirdclub_113,fairfieldbirdclub_114,image,2,ms0386b001f010i0002.jpg,/objects/ms0386b001f010i0002.jpg,,/objects/small/ms0386b001f010i0002_sm.jpg,/objects/thumbs/ms0386b001f010i0002.jpg_th.jpg,Page 2,,,,MS 386,Fairfield (Iowa) Bird Club Records,https://n2t.net/ark:/87292/w9px8v,,,1,10,Iowa State University. Special Collections and University Archives,http://id.loc.gov/authorities/names/no2021021777,,,,,,,,,,,,,,,,,,,,,,,,,,,,,"The Iowa State University Library has reviewed this item but was unable to make a conclusive determination as to the copyright and related rights status of the item. If you have information that can contribute to identifying or locating the rights-holder, please notify the Iowa State University Library Special Collections and University Archives.",http://rightsstatements.org/vocab/UND/1.0/,,,Iowa State University. Library,http://id.loc.gov/authorities/names/n82160893,,,,,Fairfield Bird Club,https://n2t.net/ark:/87292/w9r785p8g,
,fairfieldbirdclub_127,,compound_object,0,,,,/objects/small/ms0386b001f010i0032_sm.jpg,/objects/thumbs/ms0386b001f010i0032.jpg_th.jpg,Bird banding near Fairfield during 1936-1937,https://n2t.net/ark:/87292/w9vt1gv0q,10380,,MS 386,Fairfield (Iowa) Bird Club Records,https://n2t.net/ark:/87292/w9px8v,,,1,10,Iowa State University. Special Collections and University Archives,http://id.loc.gov/authorities/names/no2021021777,"Bartlett, Wesley H.",,,,,,,,"A report written by Wesley H. Bartlett describing the bird banding activities near Fairfield during 1936-1937. A total of 937 individual birds and 65 different species were banded, including 4 recently added species. Also of note are details on several other topics, including bird fatalities, the return of previously banded birds, and the type of traps used in banding activities. The report also contains two tables. The first one is a comparative table of bird banding activities of Parsons College from January 1931-April 1937 with species and counts listed. The second table is a banding activities summary for 1936-37 at Parsons College with species and counts listed.",,eng,,Iowa Ornithologists' Union;Fairfield Bird Club,http://id.loc.gov/authorities/names/no99028917;http://id.loc.gov/authorities/names/no2021119431,Bird banding;Ornithology--Methodology;Hunting--Moral and ethical aspects;Birds--Mortality;American Bittern (Botaurus lentiginosus);Prairie Falcon (Falco mexicanus);Chimney Swift (Chaetura pelagica);Ruby-crowned Kinglet (Regulus calendula);Northern Waterthrush (Parkesia noveboracensis);Dark-eyed Junco (Junco hyemalis);American Goldfinch (Spinus tristis);Northern Bobwhite (Colinus virginianus),http://id.worldcat.org/fast/832908;http://id.worldcat.org/fast/1048361;http://id.worldcat.org/fast/964182;http://id.worldcat.org/fast/833039;https://www.gbif.org/species/2480911;https://www.gbif.org/species/2481000;https://www.gbif.org/species/4409023;https://www.gbif.org/species/2484597;https://www.gbif.org/species/6093856;https://www.gbif.org/species/9362842;https://www.gbif.org/species/5231640;https://www.gbif.org/species/9791464,Cedar Falls;Fairfield;Parsons College,https://www.geonames.org/4850699;https://www.geonames.org/4855967;https://www.geonames.org/4870778,42.52776;41.00863;41.01669,-92.44547;-91.96267;-91.96684,WGS 84,12 pages,,,reports;canon tables,http://vocab.getty.edu/aat/300027267;http://vocab.getty.edu/aat/300198390,Text,image/tiff,"This item is protected by copyright and related rights. However, the rights-holder is unidentified or unlocatable. If you have information that can contribute to identifying or locating the rights-holder, please notify the Iowa State University Library, Digital Scholarship and Initiatives.",http://rightsstatements.org/vocab/InC-RUU/1.0/,1936-01-01/1937-12-31,2018-11-12,Iowa State University. Library,http://id.loc.gov/authorities/names/n82160893,,,,,Fairfield Bird Club,https://n2t.net/ark:/87292/w9r785p8g,reformatted digital; Digitized with Epson - sheet feed/flatbed
fairfieldbirdclub_035,fairfieldbirdclub_115,fairfieldbirdclub_127,image,1,ms0386b001f010i0032.jpg,/objects/ms0386b001f010i0032.jpg,,/objects/small/ms0386b001f010i0032_sm.jpg,/objects/thumbs/ms0386b001f010i0032.jpg_th.jpg,Page 1,,,,MS 386,Fairfield (Iowa) Bird Club Records,https://n2t.net/ark:/87292/w9px8v,,,1,10,Iowa State University. Special Collections and University Archives,http://id.loc.gov/authorities/names/no2021021777,,,,,,,,,,,,,,,,,,,,,,,,,,,,,"This item is protected by copyright and related rights. However, the rights-holder is unidentified or unlocatable. If you have information that can contribute to identifying or locating the rights-holder, please notify the Iowa State University Library, Digital Scholarship and Initiatives.",http://rightsstatements.org/vocab/InC-RUU/1.0/,,,Iowa State University. Library,http://id.loc.gov/authorities/names/n82160893,,,,,Fairfield Bird Club,https://n2t.net/ark:/87292/w9r785p8g,
fairfieldbirdclub_036,fairfieldbirdclub_116,fairfieldbirdclub_127,image,2,ms0386b001f010i0033.jpg,/objects/ms0386b001f010i0033.jpg,,/objects/small/ms0386b001f010i0033_sm.jpg,/objects/thumbs/ms0386b001f010i0033.jpg_th.jpg,Page 2,,,,MS 386,Fairfield (Iowa) Bird Club Records,https://n2t.net/ark:/87292/w9px8v,,,1,10,Iowa State University. Special Collections and University Archives,http://id.loc.gov/authorities/names/no2021021777,,,,,,,,,,,,,,,,,,,,,,,,,,,,,"This item is protected by copyright and related rights. However, the rights-holder is unidentified or unlocatable. If you have information that can contribute to identifying or locating the rights-holder, please notify the Iowa State University Library, Digital Scholarship and Initiatives.",http://rightsstatements.org/vocab/InC-RUU/1.0/,,,Iowa State University. Library,http://id.loc.gov/authorities/names/n82160893,,,,,Fairfield Bird Club,https://n2t.net/ark:/87292/w9r785p8g,
fairfieldbirdclub_037,fairfieldbirdclub_117,fairfieldbirdclub_127,image,3,ms0386b001f010i0034.jpg,/objects/ms0386b001f010i0034.jpg,,/objects/small/ms0386b001f010i0034_sm.jpg,/objects/thumbs/ms0386b001f010i0034.jpg_th.jpg,Page 3,,,,MS 386,Fairfield (Iowa) Bird Club Records,https://n2t.net/ark:/87292/w9px8v,,,1,10,Iowa State University. Special Collections and University Archives,http://id.loc.gov/authorities/names/no2021021777,,,,,,,,,,,,,,,,,,,,,,,,,,,,,"This item is protected by copyright and related rights. However, the rights-holder is unidentified or unlocatable. If you have information that can contribute to identifying or locating the rights-holder, please notify the Iowa State University Library, Digital Scholarship and Initiatives.",http://rightsstatements.org/vocab/InC-RUU/1.0/,,,Iowa State University. Library,http://id.loc.gov/authorities/names/n82160893,,,,,Fairfield Bird Club,https://n2t.net/ark:/87292/w9r785p8g,
fairfieldbirdclub_038,fairfieldbirdclub_118,fairfieldbirdclub_127,image,4,ms0386b001f010i0035.jpg,/objects/ms0386b001f010i0035.jpg,,/objects/small/ms0386b001f010i0035_sm.jpg,/objects/thumbs/ms0386b001f010i0035.jpg_th.jpg,Page 4,,,,MS 386,Fairfield (Iowa) Bird Club Records,https://n2t.net/ark:/87292/w9px8v,,,1,10,Iowa State University. Special Collections and University Archives,http://id.loc.gov/authorities/names/no2021021777,,,,,,,,,,,,,,,,,,,,,,,,,,,,,"This item is protected by copyright and related rights. However, the rights-holder is unidentified or unlocatable. If you have information that can contribute to identifying or locating the rights-holder, please notify the Iowa State University Library, Digital Scholarship and Initiatives.",http://rightsstatements.org/vocab/InC-RUU/1.0/,,,Iowa State University. Library,http://id.loc.gov/authorities/names/n82160893,,,,,Fairfield Bird Club,https://n2t.net/ark:/87292/w9r785p8g,
fairfieldbirdclub_039,fairfieldbirdclub_119,fairfieldbirdclub_127,image,5,ms0386b001f010i0036.jpg,/objects/ms0386b001f010i0036.jpg,,/objects/small/ms0386b001f010i0036_sm.jpg,/objects/thumbs/ms0386b001f010i0036.jpg_th.jpg,Page 5,,,,MS 386,Fairfield (Iowa) Bird Club Records,https://n2t.net/ark:/87292/w9px8v,,,1,10,Iowa State University. Special Collections and University Archives,http://id.loc.gov/authorities/names/no2021021777,,,,,,,,,,,,,,,,,,,,,,,,,,,,,"This item is protected by copyright and related rights. However, the rights-holder is unidentified or unlocatable. If you have information that can contribute to identifying or locating the rights-holder, please notify the Iowa State University Library, Digital Scholarship and Initiatives.",http://rightsstatements.org/vocab/InC-RUU/1.0/,,,Iowa State University. Library,http://id.loc.gov/authorities/names/n82160893,,,,,Fairfield Bird Club,https://n2t.net/ark:/87292/w9r785p8g,
fairfieldbirdclub_040,fairfieldbirdclub_120,fairfieldbirdclub_127,image,6,ms0386b001f010i0037.jpg,/objects/ms0386b001f010i0037.jpg,,/objects/small/ms0386b001f010i0037_sm.jpg,/objects/thumbs/ms0386b001f010i0037.jpg_th.jpg,Page 6,,,,MS 386,Fairfield (Iowa) Bird Club Records,https://n2t.net/ark:/87292/w9px8v,,,1,10,Iowa State University. Special Collections and University Archives,http://id.loc.gov/authorities/names/no2021021777,,,,,,,,,,,,,,,,,,,,,,,,,,,,,"This item is protected by copyright and related rights. However, the rights-holder is unidentified or unlocatable. If you have information that can contribute to identifying or locating the rights-holder, please notify the Iowa State University Library, Digital Scholarship and Initiatives.",http://rightsstatements.org/vocab/InC-RUU/1.0/,,,Iowa State University. Library,http://id.loc.gov/authorities/names/n82160893,,,,,Fairfield Bird Club,https://n2t.net/ark:/87292/w9r785p8g,
fairfieldbirdclub_041,fairfieldbirdclub_121,fairfieldbirdclub_127,image,7,ms0386b001f010i0038.jpg,/objects/ms0386b001f010i0038.jpg,,/objects/small/ms0386b001f010i0038_sm.jpg,/objects/thumbs/ms0386b001f010i0038.jpg_th.jpg,Page 7,,,,MS 386,Fairfield (Iowa) Bird Club Records,https://n2t.net/ark:/87292/w9px8v,,,1,10,Iowa State University. Special Collections and University Archives,http://id.loc.gov/authorities/names/no2021021777,,,,,,,,,,,,,,,,,,,,,,,,,,,,,"This item is protected by copyright and related rights. However, the rights-holder is unidentified or unlocatable. If you have information that can contribute to identifying or locating the rights-holder, please notify the Iowa State University Library, Digital Scholarship and Initiatives.",http://rightsstatements.org/vocab/InC-RUU/1.0/,,,Iowa State University. Library,http://id.loc.gov/authorities/names/n82160893,,,,,Fairfield Bird Club,https://n2t.net/ark:/87292/w9r785p8g,
fairfieldbirdclub_042,fairfieldbirdclub_122,fairfieldbirdclub_127,image,8,ms0386b001f010i0039.jpg,/objects/ms0386b001f010i0039.jpg,,/objects/small/ms0386b001f010i0039_sm.jpg,/objects/thumbs/ms0386b001f010i0039.jpg_th.jpg,Page 8,,,,MS 386,Fairfield (Iowa) Bird Club Records,https://n2t.net/ark:/87292/w9px8v,,,1,10,Iowa State University. Special Collections and University Archives,http://id.loc.gov/authorities/names/no2021021777,,,,,,,,,,,,,,,,,,,,,,,,,,,,,"This item is protected by copyright and related rights. However, the rights-holder is unidentified or unlocatable. If you have information that can contribute to identifying or locating the rights-holder, please notify the Iowa State University Library, Digital Scholarship and Initiatives.",http://rightsstatements.org/vocab/InC-RUU/1.0/,,,Iowa State University. Library,http://id.loc.gov/authorities/names/n82160893,,,,,Fairfield Bird Club,https://n2t.net/ark:/87292/w9r785p8g,
fairfieldbirdclub_043,fairfieldbirdclub_123,fairfieldbirdclub_127,image,9,ms0386b001f010i0040.jpg,/objects/ms0386b001f010i0040.jpg,,/objects/small/ms0386b001f010i0040_sm.jpg,/objects/thumbs/ms0386b001f010i0040.jpg_th.jpg,Page 9,,,,MS 386,Fairfield (Iowa) Bird Club Records,https://n2t.net/ark:/87292/w9px8v,,,1,10,Iowa State University. Special Collections and University Archives,http://id.loc.gov/authorities/names/no2021021777,,,,,,,,,,,,,,,,,,,,,,,,,,,,,"This item is protected by copyright and related rights. However, the rights-holder is unidentified or unlocatable. If you have information that can contribute to identifying or locating the rights-holder, please notify the Iowa State University Library, Digital Scholarship and Initiatives.",http://rightsstatements.org/vocab/InC-RUU/1.0/,,,Iowa State University. Library,http://id.loc.gov/authorities/names/n82160893,,,,,Fairfield Bird Club,https://n2t.net/ark:/87292/w9r785p8g,
fairfieldbirdclub_044,fairfieldbirdclub_124,fairfieldbirdclub_127,image,10,ms0386b001f010i0041.jpg,/objects/ms0386b001f010i0041.jpg,,/objects/small/ms0386b001f010i0041_sm.jpg,/objects/thumbs/ms0386b001f010i0041.jpg_th.jpg,Page 10,,,,MS 386,Fairfield (Iowa) Bird Club Records,https://n2t.net/ark:/87292/w9px8v,,,1,10,Iowa State University. Special Collections and University Archives,http://id.loc.gov/authorities/names/no2021021777,,,,,,,,,,,,,,,,,,,,,,,,,,,,,"This item is protected by copyright and related rights. However, the rights-holder is unidentified or unlocatable. If you have information that can contribute to identifying or locating the rights-holder, please notify the Iowa State University Library, Digital Scholarship and Initiatives.",http://rightsstatements.org/vocab/InC-RUU/1.0/,,,Iowa State University. Library,http://id.loc.gov/authorities/names/n82160893,,,,,Fairfield Bird Club,https://n2t.net/ark:/87292/w9r785p8g,
fairfieldbirdclub_045,fairfieldbirdclub_125,fairfieldbirdclub_127,image,11,ms0386b001f010i0042.jpg,/objects/ms0386b001f010i0042.jpg,,/objects/small/ms0386b001f010i0042_sm.jpg,/objects/thumbs/ms0386b001f010i0042.jpg_th.jpg,Page 11,,,,MS 386,Fairfield (Iowa) Bird Club Records,https://n2t.net/ark:/87292/w9px8v,,,1,10,Iowa State University. Special Collections and University Archives,http://id.loc.gov/authorities/names/no2021021777,,,,,,,,,,,,,,,,,,,,,,,,,,,,,"This item is protected by copyright and related rights. However, the rights-holder is unidentified or unlocatable. If you have information that can contribute to identifying or locating the rights-holder, please notify the Iowa State University Library, Digital Scholarship and Initiatives.",http://rightsstatements.org/vocab/InC-RUU/1.0/,,,Iowa State University. Library,http://id.loc.gov/authorities/names/n82160893,,,,,Fairfield Bird Club,https://n2t.net/ark:/87292/w9r785p8g,
fairfieldbirdclub_046,fairfieldbirdclub_126,fairfieldbirdclub_127,image,12,ms0386b001f010i0043.jpg,/objects/ms0386b001f010i0043.jpg,,/objects/small/ms0386b001f010i0043_sm.jpg,/objects/thumbs/ms0386b001f010i0043.jpg_th.jpg,Page 12,,,,MS 386,Fairfield (Iowa) Bird Club Records,https://n2t.net/ark:/87292/w9px8v,,,1,10,Iowa State University. Special Collections and University Archives,http://id.loc.gov/authorities/names/no2021021777,,,,,,,,,,,,,,,,,,,,,,,,,,,,,"This item is protected by copyright and related rights. However, the rights-holder is unidentified or unlocatable. If you have information that can contribute to identifying or locating the rights-holder, please notify the Iowa State University Library, Digital Scholarship and Initiatives.",http://rightsstatements.org/vocab/InC-RUU/1.0/,,,Iowa State University. Library,http://id.loc.gov/authorities/names/n82160893,,,,,Fairfield Bird Club,https://n2t.net/ark:/87292/w9r785p8g,
,fairfieldbirdclub_258,,multiple,0,,,,/objects/small/ms0386b001f010i0010_sm.jpg,/objects/thumbs/ms0386b001f010i0010.jpg_th.jpg,"Tenth annual meeting Iowa Ornithologists' Union, May 13-14, 1952",https://n2t.net/ark:/87292/w9m90273d,10376,,MS 386,Fairfield (Iowa) Bird Club Records,https://n2t.net/ark:/87292/w9px8v,,,1,10,Iowa State University. Special Collections and University Archives,http://id.loc.gov/authorities/names/no2021021777,Iowa Ornithologists' Union,http://id.loc.gov/authorities/names/no99028917,,,,,,,"The program for the Tenth Annual Meeting of Iowa Ornithologists' Union, May 13-14, 1932, held in Des Moines. Includes schedule of events, names of presenters, and field trip information.",,eng,,"Roberts, Francis L. R.;Rosene, Walter, 1880-1941;Leopold, Aldo, 1886-1948;DuMont, Philip A. (Philip Atkinson), 1903-1996;Allert, Oscar P.",;;http://id.loc.gov/authorities/names/n50049888;http://id.loc.gov/authorities/names/no2010190453;,"Ornithology--Societies, etc;Meetings",http://id.worldcat.org/fast/1048364;http://id.worldcat.org/fast/1015496,Des Moines,https://www.geonames.org/4853828,41.60054,-93.60911,WGS 84,4 pages,,,printed ephemera,http://vocab.getty.edu/aat/300264821,Text,image/tiff,"This item is protected by U.S. copyright and related rights. It is being made available by Iowa State University as its rights-holder for noncommercial use, including sharing and adapting the work. No permission is required for noncommercial use so long as attribution is provided. All other uses require permission from Special Collections and University Archives.",https://creativecommons.org/licenses/by-nc/4.0/,1932-05-13/1932-05-14,2018-11-12,Iowa State University. Library,http://id.loc.gov/authorities/names/n82160893,,,,,Fairfield Bird Club,https://n2t.net/ark:/87292/w9r785p8g,reformatted digital; Digitized with Epson - sheet feed/flatbed
fairfieldbirdclub_048,fairfieldbirdclub_256,fairfieldbirdclub_258,image,1,ms0386b001f010i0010.jpg,/objects/ms0386b001f010i0010.jpg,,/objects/small/ms0386b001f010i0010_sm.jpg,/objects/thumbs/ms0386b001f010i0010.jpg_th.jpg,Page 1,,,,MS 386,Fairfield (Iowa) Bird Club Records,https://n2t.net/ark:/87292/w9px8v,,,1,10,Iowa State University. Special Collections and University Archives,http://id.loc.gov/authorities/names/no2021021777,,,,,,,,,,,,,,,,,,,,,,,,,,,,,"This item is protected by U.S. copyright and related rights. It is being made available by Iowa State University as its rights-holder for noncommercial use, including sharing and adapting the work. No permission is required for noncommercial use so long as attribution is provided. All other uses require permission from Special Collections and University Archives.",https://creativecommons.org/licenses/by-nc/4.0/,,,Iowa State University. Library,http://id.loc.gov/authorities/names/n82160893,,,,,Fairfield Bird Club,https://n2t.net/ark:/87292/w9r785p8g,
fairfieldbirdclub_049,fairfieldbirdclub_257,fairfieldbirdclub_258,image,2,ms0386b001f010i0011.jpg,/objects/ms0386b001f010i0011.jpg,,/objects/small/ms0386b001f010i0011_sm.jpg,/objects/thumbs/ms0386b001f010i0011.jpg_th.jpg,Page 2,,,,MS 386,Fairfield (Iowa) Bird Club Records,https://n2t.net/ark:/87292/w9px8v,,,1,10,Iowa State University. Special Collections and University Archives,http://id.loc.gov/authorities/names/no2021021777,,,,,,,,,,,,,,,,,,,,,,,,,,,,,"This item is protected by U.S. copyright and related rights. It is being made available by Iowa State University as its rights-holder for noncommercial use, including sharing and adapting the work. No permission is required for noncommercial use so long as attribution is provided. All other uses require permission from Special Collections and University Archives.",https://creativecommons.org/licenses/by-nc/4.0/,,,Iowa State University. Library,http://id.loc.gov/authorities/names/n82160893,,,,,Fairfield Bird Club,https://n2t.net/ark:/87292/w9r785p8g,
,fairfieldbirdclub_261,,multiple,0,,,,/objects/small/ms0386b001f007i0003_sm.jpg,/objects/thumbs/ms0386b001f007i0003.jpg_th.jpg,"Program fourteenth annual meeting of Iowa Ornithologists' Union, May 8-9, 1936",https://n2t.net/ark:/87292/w9gh9bd93,10372,,MS 386,Fairfield (Iowa) Bird Club Records,https://n2t.net/ark:/87292/w9px8v,,,1,7,Iowa State University. Special Collections and University Archives,http://id.loc.gov/authorities/names/no2021021777,Iowa Ornithologists' Union,http://id.loc.gov/authorities/names/no99028917,,,,,,,"The program for the Fourteenth Annual Meeting of Iowa Ornithologists' Union, May 8-9, 1936, held in Fairfield. Includes schedule of events, the officers of both the Iowa Ornithologists' Union and the Fairfield Bird Club as well as the committees for the meeting.",,eng,,"Hendrickson, George O.;Palas, Arthur J.;Rosene, Walter, 1880-1941;Dole, J. Wilbur;LaMar, Kate E.;Fairfield Bird Club",;;;;;http://id.loc.gov/authorities/names/no2021119431,"Ornithology--Societies, etc;Meetings",http://id.worldcat.org/fast/1048364;http://id.worldcat.org/fast/1015496,Fairfield,https://www.geonames.org/4855967,41.00863,-91.96267,WGS 84,4 pages,,,printed ephemera,http://vocab.getty.edu/aat/300264821,Text,image/tiff,"This item is protected by U.S. copyright and related rights. It is being made available by Iowa State University as its rights-holder for noncommercial use, including sharing and adapting the work. No permission is required for noncommercial use so long as attribution is provided. All other uses require permission from Special Collections and University Archives.",https://creativecommons.org/licenses/by-nc/4.0/,1936-05-08/1936-05-09,2018-11-12,Iowa State University. Library,http://id.loc.gov/authorities/names/n82160893,,,,,Fairfield Bird Club,https://n2t.net/ark:/87292/w9r785p8g,reformatted digital; Digitized with Epson - sheet feed/flatbed
fairfieldbirdclub_051,fairfieldbirdclub_259,fairfieldbirdclub_261,image,1,ms0386b001f007i0003.jpg,/objects/ms0386b001f007i0003.jpg,,/objects/small/ms0386b001f007i0003_sm.jpg,/objects/thumbs/ms0386b001f007i0003.jpg_th.jpg,Page 1,,,,MS 386,Fairfield (Iowa) Bird Club Records,https://n2t.net/ark:/87292/w9px8v,,,1,7,Iowa State University. Special Collections and University Archives,http://id.loc.gov/authorities/names/no2021021777,,,,,,,,,,,,,,,,,,,,,,,,,,,,,"This item is protected by U.S. copyright and related rights. It is being made available by Iowa State University as its rights-holder for noncommercial use, including sharing and adapting the work. No permission is required for noncommercial use so long as attribution is provided. All other uses require permission from Special Collections and University Archives.",https://creativecommons.org/licenses/by-nc/4.0/,,,Iowa State University. Library,http://id.loc.gov/authorities/names/n82160893,,,,,Fairfield Bird Club,https://n2t.net/ark:/87292/w9r785p8g,
fairfieldbirdclub_052,fairfieldbirdclub_260,fairfieldbirdclub_261,image,2,ms0386b001f007i0004.jpg,/objects/ms0386b001f007i0004.jpg,,/objects/small/ms0386b001f007i0004_sm.jpg,/objects/thumbs/ms0386b001f007i0004.jpg_th.jpg,Page 2,,,,MS 386,Fairfield (Iowa) Bird Club Records,https://n2t.net/ark:/87292/w9px8v,,,1,7,Iowa State University. Special Collections and University Archives,http://id.loc.gov/authorities/names/no2021021777,,,,,,,,,,,,,,,,,,,,,,,,,,,,,"This item is protected by U.S. copyright and related rights. It is being made available by Iowa State University as its rights-holder for noncommercial use, including sharing and adapting the work. No permission is required for noncommercial use so long as attribution is provided. All other uses require permission from Special Collections and University Archives.",https://creativecommons.org/licenses/by-nc/4.0/,,,Iowa State University. Library,http://id.loc.gov/authorities/names/n82160893,,,,,Fairfield Bird Club,https://n2t.net/ark:/87292/w9r785p8g,
,fairfieldbirdclub_264,,multiple,0,,,,/objects/small/ms0386b001f001i0001_sm.jpg,/objects/thumbs/ms0386b001f001i0001.jpg_th.jpg,Fairfield Bird Club calendar for 1952-53,https://n2t.net/ark:/87292/w9br8mm30,10368,,MS 386,Fairfield (Iowa) Bird Club Records,https://n2t.net/ark:/87292/w9px8v,,,1,1,Iowa State University. Special Collections and University Archives,http://id.loc.gov/authorities/names/no2021021777,Fairfield Bird Club,http://id.loc.gov/authorities/names/no2021119431,,,,,,,The 1952-1953 calendar for the Fairfield Bird Club. The calendar provides details on the opening meeting as well as the dates of future meetings. Also included are the names of the club officers for the year.,,eng,,"Von Ohlen, Floyd W.;Taylor, Ben J.;Olson, Mary I.",,"Ornithology--Societies, etc;Meetings",http://id.worldcat.org/fast/1048364;http://id.worldcat.org/fast/1015496,Fairfield,https://www.geonames.org/4855967,41.00863,-91.96267,WGS 84,2 pages,,,printed ephemera,http://vocab.getty.edu/aat/300264821,Text,image/tiff,"This item is protected by U.S. copyright and related rights. It is being made available by Iowa State University as its rights-holder for noncommercial use, including sharing and adapting the work. No permission is required for noncommercial use so long as attribution is provided. All other uses require permission from Special Collections and University Archives.",https://creativecommons.org/licenses/by-nc/4.0/,1952-01-01/1953-12-31,2018-11-12,Iowa State University. Library,http://id.loc.gov/authorities/names/n82160893,,,,,Fairfield Bird Club,https://n2t.net/ark:/87292/w9r785p8g,reformatted digital; Digitized with Epson - sheet feed/flatbed
fairfieldbirdclub_054,fairfieldbirdclub_262,fairfieldbirdclub_264,image,1,ms0386b001f001i0001.jpg,/objects/ms0386b001f001i0001.jpg,,/objects/small/ms0386b001f001i0001_sm.jpg,/objects/thumbs/ms0386b001f001i0001.jpg_th.jpg,Page 1,,,,MS 386,Fairfield (Iowa) Bird Club Records,https://n2t.net/ark:/87292/w9px8v,,,1,1,Iowa State University. Special Collections and University Archives,http://id.loc.gov/authorities/names/no2021021777,,,,,,,,,,,,,,,,,,,,,,,,,,,,,"This item is protected by U.S. copyright and related rights. It is being made available by Iowa State University as its rights-holder for noncommercial use, including sharing and adapting the work. No permission is required for noncommercial use so long as attribution is provided. All other uses require permission from Special Collections and University Archives.",https://creativecommons.org/licenses/by-nc/4.0/,,,Iowa State University. Library,http://id.loc.gov/authorities/names/n82160893,,,,,Fairfield Bird Club,https://n2t.net/ark:/87292/w9r785p8g,
fairfieldbirdclub_055,fairfieldbirdclub_263,fairfieldbirdclub_264,image,2,ms0386b001f001i0002.jpg,/objects/ms0386b001f001i0002.jpg,,/objects/small/ms0386b001f001i0002_sm.jpg,/objects/thumbs/ms0386b001f001i0002.jpg_th.jpg,Page 2,,,,MS 386,Fairfield (Iowa) Bird Club Records,https://n2t.net/ark:/87292/w9px8v,,,1,1,Iowa State University. Special Collections and University Archives,http://id.loc.gov/authorities/names/no2021021777,,,,,,,,,,,,,,,,,,,,,,,,,,,,,"This item is protected by U.S. copyright and related rights. It is being made available by Iowa State University as its rights-holder for noncommercial use, including sharing and adapting the work. No permission is required for noncommercial use so long as attribution is provided. All other uses require permission from Special Collections and University Archives.",https://creativecommons.org/licenses/by-nc/4.0/,,,Iowa State University. Library,http://id.loc.gov/authorities/names/n82160893,,,,,Fairfield Bird Club,https://n2t.net/ark:/87292/w9r785p8g,
,fairfieldbirdclub_276,,compound_object,0,,,,/objects/small/ms0386b001f010i0044_sm.jpg,/objects/thumbs/ms0386b001f010i0044.jpg_th.jpg,Lacey-Keosauqua nature notes,https://n2t.net/ark:/87292/w9707ws82,10381,,MS 386,Fairfield (Iowa) Bird Club Records,https://n2t.net/ark:/87292/w9px8v,,,1,10,Iowa State University. Special Collections and University Archives,http://id.loc.gov/authorities/names/no2021021777,Iowa Conservation Commission;Iowa State College;United States. Work Projects Administration,http://id.loc.gov/authorities/names/n85270521;http://id.loc.gov/authorities/names/n82049648;http://id.loc.gov/authorities/names/n80046793,,,,,"Trump, Richard F., 1912-;Trump, Lorene E.",http://id.loc.gov/authorities/names/n86056860;,"A circular prepared to inform citizens of recreational and educational opportunities available at Lacey-Keosauqua Park. Highlights include an article on birds that kill to live, tips on avoiding poison ivy, a feature on getting to know your Hawks, and a column on various fish species at the park.",,eng,,,,Birds--Identification;Falconiformes ;Hawks;Eagles;Falcons;Osprey;Vultures;Predation (Biology);Parks;Natural areas,http://id.worldcat.org/fast/833029;http://id.worldcat.org/fast/919990;http://id.worldcat.org/fast/952093;http://id.worldcat.org/fast/900506;http://id.worldcat.org/fast/919997;http://id.worldcat.org/fast/1048725;http://id.worldcat.org/fast/1169370;http://id.worldcat.org/fast/1074989;http://id.worldcat.org/fast/1053705;http://id.worldcat.org/fast/1033960,Lacey-Keosauqua State Park;Keosauqua,https://www.geonames.org/4863846;https://www.geonames.org/4863380,40.71031;40.73031,-91.98156;-91.96239,WGS 84,11 pages,,,printed ephemera,http://vocab.getty.edu/aat/300264821,Text,image/tiff,"This item is protected by U.S. copyright and related rights. It is being made available by Iowa State University as its rights-holder for noncommercial use, including sharing and adapting the work. No permission is required for noncommercial use so long as attribution is provided. All other uses require permission from Special Collections and University Archives.",https://creativecommons.org/licenses/by-nc/4.0/,1940-07-01,2018-11-12,Iowa State University. Library,http://id.loc.gov/authorities/names/n82160893,,,,,Fairfield Bird Club,https://n2t.net/ark:/87292/w9r785p8g,reformatted digital; Digitized with Epson - sheet feed/flatbed
fairfieldbirdclub_057,fairfieldbirdclub_265,fairfieldbirdclub_276,image,1,ms0386b001f010i0044.jpg,/objects/ms0386b001f010i0044.jpg,,/objects/small/ms0386b001f010i0044_sm.jpg,/objects/thumbs/ms0386b001f010i0044.jpg_th.jpg,Page 1,,,,MS 386,Fairfield (Iowa) Bird Club Records,https://n2t.net/ark:/87292/w9px8v,,,1,10,Iowa State University. Special Collections and University Archives,http://id.loc.gov/authorities/names/no2021021777,,,,,,,,,,,,,,,,,,,,,,,,,,,,,"This item is protected by U.S. copyright and related rights. It is being made available by Iowa State University as its rights-holder for noncommercial use, including sharing and adapting the work. No permission is required for noncommercial use so long as attribution is provided. All other uses require permission from Special Collections and University Archives.",https://creativecommons.org/licenses/by-nc/4.0/,,,Iowa State University. Library,http://id.loc.gov/authorities/names/n82160893,,,,,Fairfield Bird Club,https://n2t.net/ark:/87292/w9r785p8g,
fairfieldbirdclub_058,fairfieldbirdclub_266,fairfieldbirdclub_276,image,2,ms0386b001f010i0045.jpg,/objects/ms0386b001f010i0045.jpg,,/objects/small/ms0386b001f010i0045_sm.jpg,/objects/thumbs/ms0386b001f010i0045.jpg_th.jpg,Page 2,,,,MS 386,Fairfield (Iowa) Bird Club Records,https://n2t.net/ark:/87292/w9px8v,,,1,10,Iowa State University. Special Collections and University Archives,http://id.loc.gov/authorities/names/no2021021777,,,,,,,,,,,,,,,,,,,,,,,,,,,,,"This item is protected by U.S. copyright and related rights. It is being made available by Iowa State University as its rights-holder for noncommercial use, including sharing and adapting the work. No permission is required for noncommercial use so long as attribution is provided. All other uses require permission from Special Collections and University Archives.",https://creativecommons.org/licenses/by-nc/4.0/,,,Iowa State University. Library,http://id.loc.gov/authorities/names/n82160893,,,,,Fairfield Bird Club,https://n2t.net/ark:/87292/w9r785p8g,
fairfieldbirdclub_059,fairfieldbirdclub_267,fairfieldbirdclub_276,image,3,ms0386b001f010i0046.jpg,/objects/ms0386b001f010i0046.jpg,,/objects/small/ms0386b001f010i0046_sm.jpg,/objects/thumbs/ms0386b001f010i0046.jpg_th.jpg,Page 3,,,,MS 386,Fairfield (Iowa) Bird Club Records,https://n2t.net/ark:/87292/w9px8v,,,1,10,Iowa State University. Special Collections and University Archives,http://id.loc.gov/authorities/names/no2021021777,,,,,,,,,,,,,,,,,,,,,,,,,,,,,"This item is protected by U.S. copyright and related rights. It is being made available by Iowa State University as its rights-holder for noncommercial use, including sharing and adapting the work. No permission is required for noncommercial use so long as attribution is provided. All other uses require permission from Special Collections and University Archives.",https://creativecommons.org/licenses/by-nc/4.0/,,,Iowa State University. Library,http://id.loc.gov/authorities/names/n82160893,,,,,Fairfield Bird Club,https://n2t.net/ark:/87292/w9r785p8g,
fairfieldbirdclub_060,fairfieldbirdclub_268,fairfieldbirdclub_276,image,4,ms0386b001f010i0047.jpg,/objects/ms0386b001f010i0047.jpg,,/objects/small/ms0386b001f010i0047_sm.jpg,/objects/thumbs/ms0386b001f010i0047.jpg_th.jpg,Page 4,,,,MS 386,Fairfield (Iowa) Bird Club Records,https://n2t.net/ark:/87292/w9px8v,,,1,10,Iowa State University. Special Collections and University Archives,http://id.loc.gov/authorities/names/no2021021777,,,,,,,,,,,,,,,,,,,,,,,,,,,,,"This item is protected by U.S. copyright and related rights. It is being made available by Iowa State University as its rights-holder for noncommercial use, including sharing and adapting the work. No permission is required for noncommercial use so long as attribution is provided. All other uses require permission from Special Collections and University Archives.",https://creativecommons.org/licenses/by-nc/4.0/,,,Iowa State University. Library,http://id.loc.gov/authorities/names/n82160893,,,,,Fairfield Bird Club,https://n2t.net/ark:/87292/w9r785p8g,
fairfieldbirdclub_061,fairfieldbirdclub_269,fairfieldbirdclub_276,image,5,ms0386b001f010i0048.jpg,/objects/ms0386b001f010i0048.jpg,,/objects/small/ms0386b001f010i0048_sm.jpg,/objects/thumbs/ms0386b001f010i0048.jpg_th.jpg,Page 5,,,,MS 386,Fairfield (Iowa) Bird Club Records,https://n2t.net/ark:/87292/w9px8v,,,1,10,Iowa State University. Special Collections and University Archives,http://id.loc.gov/authorities/names/no2021021777,,,,,,,,,,,,,,,,,,,,,,,,,,,,,"This item is protected by U.S. copyright and related rights. It is being made available by Iowa State University as its rights-holder for noncommercial use, including sharing and adapting the work. No permission is required for noncommercial use so long as attribution is provided. All other uses require permission from Special Collections and University Archives.",https://creativecommons.org/licenses/by-nc/4.0/,,,Iowa State University. Library,http://id.loc.gov/authorities/names/n82160893,,,,,Fairfield Bird Club,https://n2t.net/ark:/87292/w9r785p8g,
fairfieldbirdclub_062,fairfieldbirdclub_270,fairfieldbirdclub_276,image,6,ms0386b001f010i0049.jpg,/objects/ms0386b001f010i0049.jpg,,/objects/small/ms0386b001f010i0049_sm.jpg,/objects/thumbs/ms0386b001f010i0049.jpg_th.jpg,Page 6,,,,MS 386,Fairfield (Iowa) Bird Club Records,https://n2t.net/ark:/87292/w9px8v,,,1,10,Iowa State University. Special Collections and University Archives,http://id.loc.gov/authorities/names/no2021021777,,,,,,,,,,,,,,,,,,,,,,,,,,,,,"This item is protected by U.S. copyright and related rights. It is being made available by Iowa State University as its rights-holder for noncommercial use, including sharing and adapting the work. No permission is required for noncommercial use so long as attribution is provided. All other uses require permission from Special Collections and University Archives.",https://creativecommons.org/licenses/by-nc/4.0/,,,Iowa State University. Library,http://id.loc.gov/authorities/names/n82160893,,,,,Fairfield Bird Club,https://n2t.net/ark:/87292/w9r785p8g,
fairfieldbirdclub_063,fairfieldbirdclub_271,fairfieldbirdclub_276,image,7,ms0386b001f010i0050.jpg,/objects/ms0386b001f010i0050.jpg,,/objects/small/ms0386b001f010i0050_sm.jpg,/objects/thumbs/ms0386b001f010i0050.jpg_th.jpg,Page 7,,,,MS 386,Fairfield (Iowa) Bird Club Records,https://n2t.net/ark:/87292/w9px8v,,,1,10,Iowa State University. Special Collections and University Archives,http://id.loc.gov/authorities/names/no2021021777,,,,,,,,,,,,,,,,,,,,,,,,,,,,,"This item is protected by U.S. copyright and related rights. It is being made available by Iowa State University as its rights-holder for noncommercial use, including sharing and adapting the work. No permission is required for noncommercial use so long as attribution is provided. All other uses require permission from Special Collections and University Archives.",https://creativecommons.org/licenses/by-nc/4.0/,,,Iowa State University. Library,http://id.loc.gov/authorities/names/n82160893,,,,,Fairfield Bird Club,https://n2t.net/ark:/87292/w9r785p8g,
fairfieldbirdclub_064,fairfieldbirdclub_272,fairfieldbirdclub_276,image,8,ms0386b001f010i0051.jpg,/objects/ms0386b001f010i0051.jpg,,/objects/small/ms0386b001f010i0051_sm.jpg,/objects/thumbs/ms0386b001f010i0051.jpg_th.jpg,Page 8,,,,MS 386,Fairfield (Iowa) Bird Club Records,https://n2t.net/ark:/87292/w9px8v,,,1,10,Iowa State University. Special Collections and University Archives,http://id.loc.gov/authorities/names/no2021021777,,,,,,,,,,,,,,,,,,,,,,,,,,,,,"This item is protected by U.S. copyright and related rights. It is being made available by Iowa State University as its rights-holder for noncommercial use, including sharing and adapting the work. No permission is required for noncommercial use so long as attribution is provided. All other uses require permission from Special Collections and University Archives.",https://creativecommons.org/licenses/by-nc/4.0/,,,Iowa State University. Library,http://id.loc.gov/authorities/names/n82160893,,,,,Fairfield Bird Club,https://n2t.net/ark:/87292/w9r785p8g,
fairfieldbirdclub_065,fairfieldbirdclub_273,fairfieldbirdclub_276,image,9,ms0386b001f010i0052.jpg,/objects/ms0386b001f010i0052.jpg,,/objects/small/ms0386b001f010i0052_sm.jpg,/objects/thumbs/ms0386b001f010i0052.jpg_th.jpg,Page 9,,,,MS 386,Fairfield (Iowa) Bird Club Records,https://n2t.net/ark:/87292/w9px8v,,,1,10,Iowa State University. Special Collections and University Archives,http://id.loc.gov/authorities/names/no2021021777,,,,,,,,,,,,,,,,,,,,,,,,,,,,,"This item is protected by U.S. copyright and related rights. It is being made available by Iowa State University as its rights-holder for noncommercial use, including sharing and adapting the work. No permission is required for noncommercial use so long as attribution is provided. All other uses require permission from Special Collections and University Archives.",https://creativecommons.org/licenses/by-nc/4.0/,,,Iowa State University. Library,http://id.loc.gov/authorities/names/n82160893,,,,,Fairfield Bird Club,https://n2t.net/ark:/87292/w9r785p8g,
fairfieldbirdclub_066,fairfieldbirdclub_274,fairfieldbirdclub_276,image,10,ms0386b001f010i0053.jpg,/objects/ms0386b001f010i0053.jpg,,/objects/small/ms0386b001f010i0053_sm.jpg,/objects/thumbs/ms0386b001f010i0053.jpg_th.jpg,Page 10,,,,MS 386,Fairfield (Iowa) Bird Club Records,https://n2t.net/ark:/87292/w9px8v,,,1,10,Iowa State University. Special Collections and University Archives,http://id.loc.gov/authorities/names/no2021021777,,,,,,,,,,,,,,,,,,,,,,,,,,,,,"This item is protected by U.S. copyright and related rights. It is being made available by Iowa State University as its rights-holder for noncommercial use, including sharing and adapting the work. No permission is required for noncommercial use so long as attribution is provided. All other uses require permission from Special Collections and University Archives.",https://creativecommons.org/licenses/by-nc/4.0/,,,Iowa State University. Library,http://id.loc.gov/authorities/names/n82160893,,,,,Fairfield Bird Club,https://n2t.net/ark:/87292/w9r785p8g,
fairfieldbirdclub_067,fairfieldbirdclub_275,fairfieldbirdclub_276,image,11,ms0386b001f010i0054.jpg,/objects/ms0386b001f010i0054.jpg,,/objects/small/ms0386b001f010i0054_sm.jpg,/objects/thumbs/ms0386b001f010i0054.jpg_th.jpg,Page 11,,,,MS 386,Fairfield (Iowa) Bird Club Records,https://n2t.net/ark:/87292/w9px8v,,,1,10,Iowa State University. Special Collections and University Archives,http://id.loc.gov/authorities/names/no2021021777,,,,,,,,,,,,,,,,,,,,,,,,,,,,,"This item is protected by U.S. copyright and related rights. It is being made available by Iowa State University as its rights-holder for noncommercial use, including sharing and adapting the work. No permission is required for noncommercial use so long as attribution is provided. All other uses require permission from Special Collections and University Archives.",https://creativecommons.org/licenses/by-nc/4.0/,,,Iowa State University. Library,http://id.loc.gov/authorities/names/n82160893,,,,,Fairfield Bird Club,https://n2t.net/ark:/87292/w9r785p8g,
,fairfieldbirdclub_284,,compound_object,0,,,,/objects/small/ms0386b001f010i0003_sm.jpg,/objects/thumbs/ms0386b001f010i0003.jpg_th.jpg,Birds and their foods,https://n2t.net/ark:/87292/w93776056,10375,,MS 386,Fairfield (Iowa) Bird Club Records,https://n2t.net/ark:/87292/w9px8v,,,1,10,Iowa State University. Special Collections and University Archives,http://id.loc.gov/authorities/names/no2021021777,,,,,,,,,"A paper describing the variety of food consumed by birds, including seeds, fruits, insects, rodents, and fish, and how the food habits of birds are beneficial to humans in keeping pest populations under control. Also includes details on the feeding of young by adult birds as well as information on how birds detect and gather the food necessary for growth and maintenance of the high body temperature that birds require to function.",,eng,,Fairfield Bird Club,http://id.loc.gov/authorities/names/no2021119431,Birds--Behavior;Birds--Food;Columbiformes ;Pigeons;Birds--Infancy;Barn Owl (Tyto alba);American Tree Sparrow (Spizelloides arborea),http://id.worldcat.org/fast/832976;http://id.worldcat.org/fast/833019;http://id.worldcat.org/fast/868828;http://id.worldcat.org/fast/1063958;http://id.worldcat.org/fast/833030;https://www.gbif.org/species/2497921;https://www.gbif.org/species/7357320,Iowa,https://www.geonames.org/4862182,42.00027,-93.50049,WGS 84,7 pages,,,reports,http://vocab.getty.edu/aat/300027267,Text,image/tiff,"The Iowa State University Library has reviewed this item but was unable to make a conclusive determination as to the copyright and related rights status of the item. If you have information that can contribute to identifying or locating the rights-holder, please notify the Iowa State University Library Special Collections and University Archives.",http://rightsstatements.org/vocab/UND/1.0/,,2018-11-12,Iowa State University. Library,http://id.loc.gov/authorities/names/n82160893,,,,,Fairfield Bird Club,https://n2t.net/ark:/87292/w9r785p8g,reformatted digital; Digitized with Epson - sheet feed/flatbed
fairfieldbirdclub_069,fairfieldbirdclub_277,fairfieldbirdclub_284,image,1,ms0386b001f010i0003.jpg,/objects/ms0386b001f010i0003.jpg,,/objects/small/ms0386b001f010i0003_sm.jpg,/objects/thumbs/ms0386b001f010i0003.jpg_th.jpg,Page 1,,,,MS 386,Fairfield (Iowa) Bird Club Records,https://n2t.net/ark:/87292/w9px8v,,,1,10,Iowa State University. Special Collections and University Archives,http://id.loc.gov/authorities/names/no2021021777,,,,,,,,,,,,,,,,,,,,,,,,,,,,,"The Iowa State University Library has reviewed this item but was unable to make a conclusive determination as to the copyright and related rights status of the item. If you have information that can contribute to identifying or locating the rights-holder, please notify the Iowa State University Library Special Collections and University Archives.",http://rightsstatements.org/vocab/UND/1.0/,,,Iowa State University. Library,http://id.loc.gov/authorities/names/n82160893,,,,,Fairfield Bird Club,https://n2t.net/ark:/87292/w9r785p8g,
fairfieldbirdclub_070,fairfieldbirdclub_278,fairfieldbirdclub_284,image,2,ms0386b001f010i0004.jpg,/objects/ms0386b001f010i0004.jpg,,/objects/small/ms0386b001f010i0004_sm.jpg,/objects/thumbs/ms0386b001f010i0004.jpg_th.jpg,Page 2,,,,MS 386,Fairfield (Iowa) Bird Club Records,https://n2t.net/ark:/87292/w9px8v,,,1,10,Iowa State University. Special Collections and University Archives,http://id.loc.gov/authorities/names/no2021021777,,,,,,,,,,,,,,,,,,,,,,,,,,,,,"The Iowa State University Library has reviewed this item but was unable to make a conclusive determination as to the copyright and related rights status of the item. If you have information that can contribute to identifying or locating the rights-holder, please notify the Iowa State University Library Special Collections and University Archives.",http://rightsstatements.org/vocab/UND/1.0/,,,Iowa State University. Library,http://id.loc.gov/authorities/names/n82160893,,,,,Fairfield Bird Club,https://n2t.net/ark:/87292/w9r785p8g,
fairfieldbirdclub_071,fairfieldbirdclub_279,fairfieldbirdclub_284,image,3,ms0386b001f010i0005.jpg,/objects/ms0386b001f010i0005.jpg,,/objects/small/ms0386b001f010i0005_sm.jpg,/objects/thumbs/ms0386b001f010i0005.jpg_th.jpg,Page 3,,,,MS 386,Fairfield (Iowa) Bird Club Records,https://n2t.net/ark:/87292/w9px8v,,,1,10,Iowa State University. Special Collections and University Archives,http://id.loc.gov/authorities/names/no2021021777,,,,,,,,,,,,,,,,,,,,,,,,,,,,,"The Iowa State University Library has reviewed this item but was unable to make a conclusive determination as to the copyright and related rights status of the item. If you have information that can contribute to identifying or locating the rights-holder, please notify the Iowa State University Library Special Collections and University Archives.",http://rightsstatements.org/vocab/UND/1.0/,,,Iowa State University. Library,http://id.loc.gov/authorities/names/n82160893,,,,,Fairfield Bird Club,https://n2t.net/ark:/87292/w9r785p8g,
fairfieldbirdclub_072,fairfieldbirdclub_280,fairfieldbirdclub_284,image,4,ms0386b001f010i0006.jpg,/objects/ms0386b001f010i0006.jpg,,/objects/small/ms0386b001f010i0006_sm.jpg,/objects/thumbs/ms0386b001f010i0006.jpg_th.jpg,Page 4,,,,MS 386,Fairfield (Iowa) Bird Club Records,https://n2t.net/ark:/87292/w9px8v,,,1,10,Iowa State University. Special Collections and University Archives,http://id.loc.gov/authorities/names/no2021021777,,,,,,,,,,,,,,,,,,,,,,,,,,,,,"The Iowa State University Library has reviewed this item but was unable to make a conclusive determination as to the copyright and related rights status of the item. If you have information that can contribute to identifying or locating the rights-holder, please notify the Iowa State University Library Special Collections and University Archives.",http://rightsstatements.org/vocab/UND/1.0/,,,Iowa State University. Library,http://id.loc.gov/authorities/names/n82160893,,,,,Fairfield Bird Club,https://n2t.net/ark:/87292/w9r785p8g,
fairfieldbirdclub_073,fairfieldbirdclub_281,fairfieldbirdclub_284,image,5,ms0386b001f010i0007.jpg,/objects/ms0386b001f010i0007.jpg,,/objects/small/ms0386b001f010i0007_sm.jpg,/objects/thumbs/ms0386b001f010i0007.jpg_th.jpg,Page 5,,,,MS 386,Fairfield (Iowa) Bird Club Records,https://n2t.net/ark:/87292/w9px8v,,,1,10,Iowa State University. Special Collections and University Archives,http://id.loc.gov/authorities/names/no2021021777,,,,,,,,,,,,,,,,,,,,,,,,,,,,,"The Iowa State University Library has reviewed this item but was unable to make a conclusive determination as to the copyright and related rights status of the item. If you have information that can contribute to identifying or locating the rights-holder, please notify the Iowa State University Library Special Collections and University Archives.",http://rightsstatements.org/vocab/UND/1.0/,,,Iowa State University. Library,http://id.loc.gov/authorities/names/n82160893,,,,,Fairfield Bird Club,https://n2t.net/ark:/87292/w9r785p8g,
fairfieldbirdclub_074,fairfieldbirdclub_282,fairfieldbirdclub_284,image,6,ms0386b001f010i0008.jpg,/objects/ms0386b001f010i0008.jpg,,/objects/small/ms0386b001f010i0008_sm.jpg,/objects/thumbs/ms0386b001f010i0008.jpg_th.jpg,Page 6,,,,MS 386,Fairfield (Iowa) Bird Club Records,https://n2t.net/ark:/87292/w9px8v,,,1,10,Iowa State University. Special Collections and University Archives,http://id.loc.gov/authorities/names/no2021021777,,,,,,,,,,,,,,,,,,,,,,,,,,,,,"The Iowa State University Library has reviewed this item but was unable to make a conclusive determination as to the copyright and related rights status of the item. If you have information that can contribute to identifying or locating the rights-holder, please notify the Iowa State University Library Special Collections and University Archives.",http://rightsstatements.org/vocab/UND/1.0/,,,Iowa State University. Library,http://id.loc.gov/authorities/names/n82160893,,,,,Fairfield Bird Club,https://n2t.net/ark:/87292/w9r785p8g,
fairfieldbirdclub_075,fairfieldbirdclub_283,fairfieldbirdclub_284,image,7,ms0386b001f010i0009.jpg,/objects/ms0386b001f010i0009.jpg,,/objects/small/ms0386b001f010i0009_sm.jpg,/objects/thumbs/ms0386b001f010i0009.jpg_th.jpg,Page 7,,,,MS 386,Fairfield (Iowa) Bird Club Records,https://n2t.net/ark:/87292/w9px8v,,,1,10,Iowa State University. Special Collections and University Archives,http://id.loc.gov/authorities/names/no2021021777,,,,,,,,,,,,,,,,,,,,,,,,,,,,,"The Iowa State University Library has reviewed this item but was unable to make a conclusive determination as to the copyright and related rights status of the item. If you have information that can contribute to identifying or locating the rights-holder, please notify the Iowa State University Library Special Collections and University Archives.",http://rightsstatements.org/vocab/UND/1.0/,,,Iowa State University. Library,http://id.loc.gov/authorities/names/n82160893,,,,,Fairfield Bird Club,https://n2t.net/ark:/87292/w9r785p8g,
,fairfieldbirdclub_288,,compound_object,0,,,,/objects/small/ms0386b001f010i0018_sm.jpg,/objects/thumbs/ms0386b001f010i0018.jpg_th.jpg,"Mildrede Williams letter to members of the Fairfield Bird Club regarding her resignation as the club's president, August 27, 1934",https://n2t.net/ark:/87292/w9zk55r34,10378,,MS 386,Fairfield (Iowa) Bird Club Records,https://n2t.net/ark:/87292/w9px8v,,,1,10,Iowa State University. Special Collections and University Archives,http://id.loc.gov/authorities/names/no2021021777,"Williams, Mildrede L. Appleman",,,,,,Fairfield Bird Club,http://id.loc.gov/authorities/names/no2021119431,"Letter from Mildrede Williams to members of the Fairfield Bird Club regarding her resignation as the club's president, August 27, 1934. Williams expresses gratitude to club members and her regret that she must resign as club president and will remain in Atlantic for the winter. Also included is a list of birds found in mythology.",,eng,,,,"Bird watchers;Ornithology--Societies, etc",http://id.worldcat.org/fast/832947;http://id.worldcat.org/fast/1048364,Atlantic;Fairfield,https://www.geonames.org/4847385;https://www.geonames.org/4855967,41.4036;41.00863,-95.01388;-91.96267,WGS 84,3 pages,,,correspondence,http://vocab.getty.edu/aat/300026877,Text,image/tiff,"This item is protected by copyright and related rights. However, the rights-holder is unidentified or unlocatable. If you have information that can contribute to identifying or locating the rights-holder, please notify the Iowa State University Library, Digital Scholarship and Initiatives.",http://rightsstatements.org/vocab/InC-RUU/1.0/,1934-08-27,2018-11-12,Iowa State University. Library,http://id.loc.gov/authorities/names/n82160893,,,,,Fairfield Bird Club,https://n2t.net/ark:/87292/w9r785p8g,reformatted digital; Digitized with Epson - sheet feed/flatbed
fairfieldbirdclub_077,fairfieldbirdclub_285,fairfieldbirdclub_288,image,1,ms0386b001f010i0018.jpg,/objects/ms0386b001f010i0018.jpg,,/objects/small/ms0386b001f010i0018_sm.jpg,/objects/thumbs/ms0386b001f010i0018.jpg_th.jpg,Page 1,,,,MS 386,Fairfield (Iowa) Bird Club Records,https://n2t.net/ark:/87292/w9px8v,,,1,10,Iowa State University. Special Collections and University Archives,http://id.loc.gov/authorities/names/no2021021777,,,,,,,,,,,,,,,,,,,,,,,,,,,,,"This item is protected by copyright and related rights. However, the rights-holder is unidentified or unlocatable. If you have information that can contribute to identifying or locating the rights-holder, please notify the Iowa State University Library, Digital Scholarship and Initiatives.",http://rightsstatements.org/vocab/InC-RUU/1.0/,,,Iowa State University. Library,http://id.loc.gov/authorities/names/n82160893,,,,,Fairfield Bird Club,https://n2t.net/ark:/87292/w9r785p8g,
fairfieldbirdclub_078,fairfieldbirdclub_286,fairfieldbirdclub_288,image,2,ms0386b001f010i0019.jpg,/objects/ms0386b001f010i0019.jpg,,/objects/small/ms0386b001f010i0019_sm.jpg,/objects/thumbs/ms0386b001f010i0019.jpg_th.jpg,Page 2,,,,MS 386,Fairfield (Iowa) Bird Club Records,https://n2t.net/ark:/87292/w9px8v,,,1,10,Iowa State University. Special Collections and University Archives,http://id.loc.gov/authorities/names/no2021021777,,,,,,,,,,,,,,,,,,,,,,,,,,,,,"This item is protected by copyright and related rights. However, the rights-holder is unidentified or unlocatable. If you have information that can contribute to identifying or locating the rights-holder, please notify the Iowa State University Library, Digital Scholarship and Initiatives.",http://rightsstatements.org/vocab/InC-RUU/1.0/,,,Iowa State University. Library,http://id.loc.gov/authorities/names/n82160893,,,,,Fairfield Bird Club,https://n2t.net/ark:/87292/w9r785p8g,
fairfieldbirdclub_079,fairfieldbirdclub_287,fairfieldbirdclub_288,image,3,ms0386b001f010i0020.jpg,/objects/ms0386b001f010i0020.jpg,,/objects/small/ms0386b001f010i0020_sm.jpg,/objects/thumbs/ms0386b001f010i0020.jpg_th.jpg,Page 3,,,,MS 386,Fairfield (Iowa) Bird Club Records,https://n2t.net/ark:/87292/w9px8v,,,1,10,Iowa State University. Special Collections and University Archives,http://id.loc.gov/authorities/names/no2021021777,,,,,,,,,,,,,,,,,,,,,,,,,,,,,"This item is protected by copyright and related rights. However, the rights-holder is unidentified or unlocatable. If you have information that can contribute to identifying or locating the rights-holder, please notify the Iowa State University Library, Digital Scholarship and Initiatives.",http://rightsstatements.org/vocab/InC-RUU/1.0/,,,Iowa State University. Library,http://id.loc.gov/authorities/names/n82160893,,,,,Fairfield Bird Club,https://n2t.net/ark:/87292/w9r785p8g,
,fairfieldbirdclub_291,,multiple,0,,,,/objects/small/ms0386b001f007i0001_sm.jpg,/objects/thumbs/ms0386b001f007i0001.jpg_th.jpg,"Dinner given by the Fairfield Rotary Club to the Iowa Ornithologists' Union at its eleventh annual meeting, May 5, 1933",https://n2t.net/ark:/87292/w9tt4fz0g,10371,,MS 386,Fairfield (Iowa) Bird Club Records,https://n2t.net/ark:/87292/w9px8v,,,1,7,Iowa State University. Special Collections and University Archives,http://id.loc.gov/authorities/names/no2021021777,"Fairfield Rotary Club (Fairfield, Iowa)",,,,,,Iowa Ornithologists' Union,http://id.loc.gov/authorities/names/no99028917,"The menu and program for a dinner given by the Fairfield Rotary Club to the Iowa Ornithologists' Union at its Eleventh Annual Meeting, May 5, 1933, held in Fairfield. Includes the officers of both the Iowa Ornithologists' Union and the Fairfield Bird Club as well as a poem written by Hiram Heaton.",,eng,,"Bennett, Walter W.;Kearns, Chester H.;Heaton, Hiram;Fairfield Bird Club",;;;http://id.loc.gov/authorities/names/no2021119431,"Ornithology--Societies, etc;Meetings",http://id.worldcat.org/fast/1048364;http://id.worldcat.org/fast/1015496,Fairfield,https://www.geonames.org/4855967,41.00863,-91.96267,WGS 84,4 pages,,,printed ephemera,http://vocab.getty.edu/aat/300264821,Text,image/tiff,"This item is protected by U.S. copyright and related rights. It is being made available by Iowa State University as its rights-holder for noncommercial use, including sharing and adapting the work. No permission is required for noncommercial use so long as attribution is provided. All other uses require permission from Special Collections and University Archives.",https://creativecommons.org/licenses/by-nc/4.0/,1933-05-05,2018-11-12,Iowa State University. Library,http://id.loc.gov/authorities/names/n82160893,,,,,Fairfield Bird Club,https://n2t.net/ark:/87292/w9r785p8g,reformatted digital; Digitized with Epson - sheet feed/flatbed
fairfieldbirdclub_081,fairfieldbirdclub_289,fairfieldbirdclub_291,image,1,ms0386b001f007i0001.jpg,/objects/ms0386b001f007i0001.jpg,,/objects/small/ms0386b001f007i0001_sm.jpg,/objects/thumbs/ms0386b001f007i0001.jpg_th.jpg,Page 1,,,,MS 386,Fairfield (Iowa) Bird Club Records,https://n2t.net/ark:/87292/w9px8v,,,1,7,Iowa State University. Special Collections and University Archives,http://id.loc.gov/authorities/names/no2021021777,,,,,,,,,,,,,,,,,,,,,,,,,,,,,"This item is protected by U.S. copyright and related rights. It is being made available by Iowa State University as its rights-holder for noncommercial use, including sharing and adapting the work. No permission is required for noncommercial use so long as attribution is provided. All other uses require permission from Special Collections and University Archives.",https://creativecommons.org/licenses/by-nc/4.0/,,,Iowa State University. Library,http://id.loc.gov/authorities/names/n82160893,,,,,Fairfield Bird Club,https://n2t.net/ark:/87292/w9r785p8g,
fairfieldbirdclub_082,fairfieldbirdclub_290,fairfieldbirdclub_291,image,2,ms0386b001f007i0002.jpg,/objects/ms0386b001f007i0002.jpg,,/objects/small/ms0386b001f007i0002_sm.jpg,/objects/thumbs/ms0386b001f007i0002.jpg_th.jpg,Page 2,,,,MS 386,Fairfield (Iowa) Bird Club Records,https://n2t.net/ark:/87292/w9px8v,,,1,7,Iowa State University. Special Collections and University Archives,http://id.loc.gov/authorities/names/no2021021777,,,,,,,,,,,,,,,,,,,,,,,,,,,,,"This item is protected by U.S. copyright and related rights. It is being made available by Iowa State University as its rights-holder for noncommercial use, including sharing and adapting the work. No permission is required for noncommercial use so long as attribution is provided. All other uses require permission from Special Collections and University Archives.",https://creativecommons.org/licenses/by-nc/4.0/,,,Iowa State University. Library,http://id.loc.gov/authorities/names/n82160893,,,,,Fairfield Bird Club,https://n2t.net/ark:/87292/w9r785p8g,
,fairfieldbirdclub_292,,image,0,ms0386b001f001i0003.jpg,/objects/ms0386b001f001i0003.jpg,,/objects/small/ms0386b001f001i0003_sm.jpg,/objects/thumbs/ms0386b001f001i0003.jpg_th.jpg,Fairfield Bird Club calendar for 1953-54,https://n2t.net/ark:/87292/w9q23r46f,10369,,MS 386,Fairfield (Iowa) Bird Club Records,https://n2t.net/ark:/87292/w9px8v,,,1,1,Iowa State University. Special Collections and University Archives,http://id.loc.gov/authorities/names/no2021021777,Fairfield Bird Club,http://id.loc.gov/authorities/names/no2021119431,,,,,,,The 1953-1954 calendar for the Fairfield Bird Club. The calendar provides details on the opening meeting as well as the dates of future meetings. Also included are the names of the club officers for the year.,,eng,,"Taylor, Ben J.;Edwards, Ada;Hayward, Viola",,"Ornithology--Societies, etc;Meetings",http://id.worldcat.org/fast/1048364;http://id.worldcat.org/fast/1015496,Fairfield,https://www.geonames.org/4855967,41.00863,-91.96267,WGS 84,1 page,,,printed ephemera,http://vocab.getty.edu/aat/300264821,Text,image/tiff,"This item is protected by U.S. copyright and related rights. It is being made available by Iowa State University as its rights-holder for noncommercial use, including sharing and adapting the work. No permission is required for noncommercial use so long as attribution is provided. All other uses require permission from Special Collections and University Archives.",https://creativecommons.org/licenses/by-nc/4.0/,1953-01-01/1954-12-31,2018-11-12,Iowa State University. Library,http://id.loc.gov/authorities/names/n82160893,,,,,Fairfield Bird Club,https://n2t.net/ark:/87292/w9r785p8g,reformatted digital; Digitized with Epson - sheet feed/flatbed
,fairfieldbirdclub_293,,image,0,ms0386b001f002i0001.jpg,/objects/ms0386b001f002i0001.jpg,,/objects/small/ms0386b001f002i0001_sm.jpg,/objects/thumbs/ms0386b001f002i0001.jpg_th.jpg,A centennial year suggestion,https://n2t.net/ark:/87292/w9k931b2p,10370,,MS 386,Fairfield (Iowa) Bird Club Records,https://n2t.net/ark:/87292/w9px8v,,,1,2,Iowa State University. Special Collections and University Archives,http://id.loc.gov/authorities/names/no2021021777,"Baumgartner, Jo",,,,,,,,A flier with suggestions on how every Iowan should salute and celebrate Iowa's significant emblems in honor of the state's centennial year (1946). Bird Clubs and Audubon Societies throughout the state were encouraged to include in their programming a discussion of the American Goldfinch and how it became the state bird of Iowa. Also included is an itinerary from Jo Baumgartner used to salute the American Goldfinch at a program presented to the Fairfield Bird Club.,,eng,,"Dole, J. Wilbur;Springer, Lena;Iowa Ornithologists' Union;Fairfield Bird Club",;;http://id.loc.gov/authorities/names/no99028917;http://id.loc.gov/authorities/names/no2021119431,"Ornithology--Societies, etc;State birds;Meetings;American Goldfinch (Spinus tristis)",http://id.worldcat.org/fast/1048364;http://id.worldcat.org/fast/1131751;http://id.worldcat.org/fast/1015496;https://www.gbif.org/species/5231640,Des Moines;Fairfield,https://www.geonames.org/4853828;https://www.geonames.org/4855967,41.60054;41.00863,-93.60911;-91.96267,WGS 84,1 page,,,fliers (printed matter),http://vocab.getty.edu/aat/300224742,Text,image/tiff,"The Iowa State University Library has reviewed this item but was unable to make a conclusive determination as to the copyright and related rights status of the item. If you have information that can contribute to identifying or locating the rights-holder, please notify the Iowa State University Library Special Collections and University Archives.",http://rightsstatements.org/vocab/UND/1.0/,1946-04-06,2018-11-12,Iowa State University. Library,http://id.loc.gov/authorities/names/n82160893,,,,,Fairfield Bird Club,https://n2t.net/ark:/87292/w9r785p8g,reformatted digital; Digitized with Epson - sheet feed/flatbed